INSERT INTO Indirizzi ( Via, NumeroCivico, Stato ) VALUES ( 'Via Russo', 37, 'Italia' );
INSERT INTO Indirizzi ( Via, NumeroCivico, Stato ) VALUES ( 'Via Mazzi', 91, 'Italia' );
INSERT INTO Indirizzi ( Via, NumeroCivico, Stato ) VALUES ( 'Via Lucchesi', 41, 'Italia' );
INSERT INTO Indirizzi ( Via, NumeroCivico, Stato ) VALUES ( 'Via Fiorentino', 24, 'Italia' );
INSERT INTO Indirizzi ( Via, NumeroCivico, Stato ) VALUES ( 'Via Ferri', 89, 'Italia' );
INSERT INTO Indirizzi ( Via, NumeroCivico, Stato ) VALUES ( 'Via Greco', 35, 'Italia' );
INSERT INTO Indirizzi ( Via, NumeroCivico, Stato ) VALUES ( 'Via Fanucci', 29, 'Italia' );
INSERT INTO Indirizzi ( Via, NumeroCivico, Stato ) VALUES ( 'Via Boni', 44, 'Italia' );
INSERT INTO Indirizzi ( Via, NumeroCivico, Stato ) VALUES ( 'Via Lori', 36, 'Italia' );
INSERT INTO Indirizzi ( Via, NumeroCivico, Stato ) VALUES ( 'Via Ricci', 88, 'Italia' );
INSERT INTO Indirizzi ( Via, NumeroCivico, Stato ) VALUES ( 'Via Lettiere', 97, 'Italia' );
INSERT INTO Indirizzi ( Via, NumeroCivico, Stato ) VALUES ( 'Via ', 56, 'Italia' );
INSERT INTO Indirizzi ( Via, NumeroCivico, Stato ) VALUES ( 'Via Bellucci', 20, 'Italia' );
INSERT INTO Indirizzi ( Via, NumeroCivico, Stato ) VALUES ( 'Via Iadanza', 44, 'Italia' );
INSERT INTO Indirizzi ( Via, NumeroCivico, Stato ) VALUES ( 'Via Mazzanti', 90, 'Italia' );
INSERT INTO Indirizzi ( Via, NumeroCivico, Stato ) VALUES ( 'Via Ferrari', 53, 'Italia' );
INSERT INTO Indirizzi ( Via, NumeroCivico, Stato ) VALUES ( 'Via Genovesi', 87, 'Italia' );
INSERT INTO Indirizzi ( Via, NumeroCivico, Stato ) VALUES ( 'Via Bergamaschi', 4, 'Italia' );
INSERT INTO Indirizzi ( Via, NumeroCivico, Stato ) VALUES ( 'Via Mancini', 48, 'Italia' );
INSERT INTO Indirizzi ( Via, NumeroCivico, Stato ) VALUES ( 'Via Milani', 31, 'Italia' );
INSERT INTO Indirizzi ( Via, NumeroCivico, Stato ) VALUES ( 'Via Gallo', 94, 'Italia' );
INSERT INTO Indirizzi ( Via, NumeroCivico, Stato ) VALUES ( 'Via Trentini', 44, 'Italia' );
INSERT INTO Indirizzi ( Via, NumeroCivico, Stato ) VALUES ( 'Via Trevisano', 5, 'Italia' );
INSERT INTO Indirizzi ( Via, NumeroCivico, Stato ) VALUES ( 'Via Genovesi', 62, 'Italia' );
INSERT INTO Indirizzi ( Via, NumeroCivico, Stato ) VALUES ( 'Via Toscano', 84, 'Italia' );
INSERT INTO Indirizzi ( Via, NumeroCivico, Stato ) VALUES ( 'Via Fiorentini', 57, 'Italia' );
INSERT INTO Indirizzi ( Via, NumeroCivico, Stato ) VALUES ( 'Via Calabrese', 75, 'Italia' );
INSERT INTO Indirizzi ( Via, NumeroCivico, Stato ) VALUES ( 'Via Pisano', 45, 'Italia' );
INSERT INTO Indirizzi ( Via, NumeroCivico, Stato ) VALUES ( 'Via Gallo', 22, 'Italia' );
INSERT INTO Indirizzi ( Via, NumeroCivico, Stato ) VALUES ( 'Via ', 1, 'Italia' );
INSERT INTO Indirizzi ( Via, NumeroCivico, Stato ) VALUES ( 'Via Fiorentini', 48, 'Italia' );
INSERT INTO Indirizzi ( Via, NumeroCivico, Stato ) VALUES ( 'Via Longo', 86, 'Italia' );
INSERT INTO Indirizzi ( Via, NumeroCivico, Stato ) VALUES ( 'Via Giordano', 74, 'Italia' );
INSERT INTO Indirizzi ( Via, NumeroCivico, Stato ) VALUES ( 'Via Cremonesi', 40, 'Italia' );
INSERT INTO Indirizzi ( Via, NumeroCivico, Stato ) VALUES ( 'Via Siciliano', 11, 'Italia' );
INSERT INTO Indirizzi ( Via, NumeroCivico, Stato ) VALUES ( 'Via Napolitani', 72, 'Italia' );
INSERT INTO Indirizzi ( Via, NumeroCivico, Stato ) VALUES ( 'Via Folliero', 67, 'Italia' );
INSERT INTO Indirizzi ( Via, NumeroCivico, Stato ) VALUES ( 'Via Sabbatini', 25, 'Italia' );
INSERT INTO Indirizzi ( Via, NumeroCivico, Stato ) VALUES ( 'Via Manfrin', 30, 'Italia' );
INSERT INTO Indirizzi ( Via, NumeroCivico, Stato ) VALUES ( 'Via Fiorentino', 10, 'Italia' );
INSERT INTO Indirizzi ( Via, NumeroCivico, Stato ) VALUES ( 'Via Bellucci', 31, 'Italia' );
INSERT INTO Indirizzi ( Via, NumeroCivico, Stato ) VALUES ( 'Via Panicucci', 10, 'Italia' );
INSERT INTO Indirizzi ( Via, NumeroCivico, Stato ) VALUES ( 'Via Piazza', 76, 'Italia' );
INSERT INTO Indirizzi ( Via, NumeroCivico, Stato ) VALUES ( 'Via Udinese', 13, 'Italia' );
INSERT INTO Indirizzi ( Via, NumeroCivico, Stato ) VALUES ( 'Via Dellucci', 36, 'Italia' );
INSERT INTO Indirizzi ( Via, NumeroCivico, Stato ) VALUES ( 'Via Cremonesi', 88, 'Italia' );
INSERT INTO Indirizzi ( Via, NumeroCivico, Stato ) VALUES ( 'Via Ferrari', 37, 'Italia' );
INSERT INTO Indirizzi ( Via, NumeroCivico, Stato ) VALUES ( 'Via Siciliano', 15, 'Italia' );
INSERT INTO Indirizzi ( Via, NumeroCivico, Stato ) VALUES ( 'Via Udinesi', 78, 'Italia' );
INSERT INTO Indirizzi ( Via, NumeroCivico, Stato ) VALUES ( 'Via Schiavone', 64, 'Italia' );
INSERT INTO Indirizzi ( Via, NumeroCivico, Stato ) VALUES ( 'Via Bergamaschi', 48, 'Italia' );
INSERT INTO Indirizzi ( Via, NumeroCivico, Stato ) VALUES ( 'Via Palerma', 46, 'Italia' );
INSERT INTO Indirizzi ( Via, NumeroCivico, Stato ) VALUES ( 'Via Lori', 51, 'Italia' );
INSERT INTO Indirizzi ( Via, NumeroCivico, Stato ) VALUES ( 'Via Lo', 36, 'Italia' );
INSERT INTO Indirizzi ( Via, NumeroCivico, Stato ) VALUES ( 'Via Pisano', 60, 'Italia' );
INSERT INTO Indirizzi ( Via, NumeroCivico, Stato ) VALUES ( 'Via Lombardo', 28, 'Italia' );
INSERT INTO Indirizzi ( Via, NumeroCivico, Stato ) VALUES ( 'Via Teresa', 35, 'Italia' );
INSERT INTO Indirizzi ( Via, NumeroCivico, Stato ) VALUES ( 'Via Udinesi', 49, 'Italia' );
INSERT INTO Indirizzi ( Via, NumeroCivico, Stato ) VALUES ( 'Via Sabbatini', 85, 'Italia' );
INSERT INTO Indirizzi ( Via, NumeroCivico, Stato ) VALUES ( 'Via Giordano', 18, 'Italia' );
INSERT INTO Indirizzi ( Via, NumeroCivico, Stato ) VALUES ( 'Via De', 91, 'Italia' );
INSERT INTO Indirizzi ( Via, NumeroCivico, Stato ) VALUES ( 'Via Sagese', 22, 'Italia' );
INSERT INTO Indirizzi ( Via, NumeroCivico, Stato ) VALUES ( 'Via Arcuri', 22, 'Italia' );
INSERT INTO Indirizzi ( Via, NumeroCivico, Stato ) VALUES ( 'Via Cattaneo', 46, 'Italia' );
INSERT INTO Indirizzi ( Via, NumeroCivico, Stato ) VALUES ( 'Via Moretti', 17, 'Italia' );
INSERT INTO Indirizzi ( Via, NumeroCivico, Stato ) VALUES ( 'Via Calabrese', 30, 'Italia' );
INSERT INTO Indirizzi ( Via, NumeroCivico, Stato ) VALUES ( 'Via Genovesi', 88, 'Italia' );
INSERT INTO Indirizzi ( Via, NumeroCivico, Stato ) VALUES ( 'Via Ricci', 76, 'Italia' );
INSERT INTO Indirizzi ( Via, NumeroCivico, Stato ) VALUES ( 'Via Fanucci', 81, 'Italia' );
INSERT INTO Indirizzi ( Via, NumeroCivico, Stato ) VALUES ( 'Via Li', 71, 'Italia' );
INSERT INTO Indirizzi ( Via, NumeroCivico, Stato ) VALUES ( 'Via Calabrese', 49, 'Italia' );
INSERT INTO Indirizzi ( Via, NumeroCivico, Stato ) VALUES ( 'Via Padovesi', 32, 'Italia' );
INSERT INTO Indirizzi ( Via, NumeroCivico, Stato ) VALUES ( 'Via Napolitani', 91, 'Italia' );
INSERT INTO Indirizzi ( Via, NumeroCivico, Stato ) VALUES ( 'Via Romani', 69, 'Italia' );
INSERT INTO Indirizzi ( Via, NumeroCivico, Stato ) VALUES ( 'Via Ferri', 98, 'Italia' );
INSERT INTO Indirizzi ( Via, NumeroCivico, Stato ) VALUES ( 'Via Fiorentini', 27, 'Italia' );
INSERT INTO Indirizzi ( Via, NumeroCivico, Stato ) VALUES ( 'Via Bianchi', 29, 'Italia' );
INSERT INTO Indirizzi ( Via, NumeroCivico, Stato ) VALUES ( 'Via Buccho', 49, 'Italia' );
INSERT INTO Indirizzi ( Via, NumeroCivico, Stato ) VALUES ( 'Via Fiorentini', 41, 'Italia' );
INSERT INTO Indirizzi ( Via, NumeroCivico, Stato ) VALUES ( 'Via Barese', 88, 'Italia' );
INSERT INTO Indirizzi ( Via, NumeroCivico, Stato ) VALUES ( 'Via Gallo', 50, 'Italia' );
INSERT INTO Indirizzi ( Via, NumeroCivico, Stato ) VALUES ( 'Via Napolitani', 38, 'Italia' );
INSERT INTO Indirizzi ( Via, NumeroCivico, Stato ) VALUES ( 'Via Loggia', 93, 'Italia' );
INSERT INTO Indirizzi ( Via, NumeroCivico, Stato ) VALUES ( 'Via Moretti', 18, 'Italia' );
INSERT INTO Indirizzi ( Via, NumeroCivico, Stato ) VALUES ( 'Via Davide', 92, 'Italia' );
INSERT INTO Indirizzi ( Via, NumeroCivico, Stato ) VALUES ( 'Via Milano', 21, 'Italia' );
INSERT INTO Indirizzi ( Via, NumeroCivico, Stato ) VALUES ( 'Via Fanucci', 57, 'Italia' );
INSERT INTO Indirizzi ( Via, NumeroCivico, Stato ) VALUES ( 'Via Loggia', 31, 'Italia' );
INSERT INTO Indirizzi ( Via, NumeroCivico, Stato ) VALUES ( 'Via Lombardi', 45, 'Italia' );
INSERT INTO Indirizzi ( Via, NumeroCivico, Stato ) VALUES ( 'Via Udinesi', 12, 'Italia' );
INSERT INTO Indirizzi ( Via, NumeroCivico, Stato ) VALUES ( 'Via Castiglione', 58, 'Italia' );
INSERT INTO Indirizzi ( Via, NumeroCivico, Stato ) VALUES ( 'Via Cattaneo', 86, 'Italia' );
INSERT INTO Indirizzi ( Via, NumeroCivico, Stato ) VALUES ( 'Via Milano', 79, 'Italia' );
INSERT INTO Indirizzi ( Via, NumeroCivico, Stato ) VALUES ( 'Via Bellucci', 92, 'Italia' );
INSERT INTO Indirizzi ( Via, NumeroCivico, Stato ) VALUES ( 'Via Lori', 98, 'Italia' );
INSERT INTO Indirizzi ( Via, NumeroCivico, Stato ) VALUES ( 'Via Napolitano', 89, 'Italia' );
INSERT INTO Indirizzi ( Via, NumeroCivico, Stato ) VALUES ( 'Via Panicucci', 20, 'Italia' );
INSERT INTO Indirizzi ( Via, NumeroCivico, Stato ) VALUES ( 'Via Davide', 86, 'Italia' );
INSERT INTO Indirizzi ( Via, NumeroCivico, Stato ) VALUES ( 'Via Padovano', 35, 'Italia' );
INSERT INTO Indirizzi ( Via, NumeroCivico, Stato ) VALUES ( 'Via Sagese', 99, 'Italia' );
INSERT INTO Informazioni ( Nome, Telefono, Email, Indirizzo ) VALUES ( 'Addolorata', '3454293697', 'addoloratabarese@email.com', 1 );
INSERT INTO Informazioni ( Nome, Telefono, Email, Indirizzo ) VALUES ( 'Manuele', '3457789593', 'manuelepirozzi@email.com', 2 );
INSERT INTO Informazioni ( Nome, Telefono, Email, Indirizzo ) VALUES ( 'Liberato', '3454515559', 'liberatocattaneo@email.com', 3 );
INSERT INTO Informazioni ( Nome, Telefono, Email, Indirizzo ) VALUES ( 'Tecla', '3452248064', 'teclacattaneo@email.com', 4 );
INSERT INTO Informazioni ( Nome, Telefono, Email, Indirizzo ) VALUES ( 'Simone', '3455646939', 'simonebellucci@email.com', 5 );
INSERT INTO Informazioni ( Nome, Telefono, Email, Indirizzo ) VALUES ( 'Vincenza', '3455592247', 'vincenzaromano@email.com', 6 );
INSERT INTO Informazioni ( Nome, Telefono, Email, Indirizzo ) VALUES ( 'Pasqualina', '3456201729', 'pasqualinasiciliani@email.com', 7 );
INSERT INTO Informazioni ( Nome, Telefono, Email, Indirizzo ) VALUES ( 'Orlando', '3455346356', 'orlandolettiere@email.com', 8 );
INSERT INTO Informazioni ( Nome, Telefono, Email, Indirizzo ) VALUES ( 'Orazio', '3459449751', 'oraziozetticci@email.com', 9 );
INSERT INTO Informazioni ( Nome, Telefono, Email, Indirizzo ) VALUES ( 'Fernando', '3453755297', 'fernandolucchese@email.com', 10 );
INSERT INTO Informazioni ( Nome, Telefono, Email, Indirizzo ) VALUES ( 'Luisella', '3455681111', 'luisellatoscano@email.com', 11 );
INSERT INTO Informazioni ( Nome, Telefono, Email, Indirizzo ) VALUES ( 'Pantaleone', '3459585502', 'pantaleonegallo@email.com', 12 );
INSERT INTO Informazioni ( Nome, Telefono, Email, Indirizzo ) VALUES ( 'Gisella', '3455230689', 'gisellabellucci@email.com', 13 );
INSERT INTO Informazioni ( Nome, Telefono, Email, Indirizzo ) VALUES ( 'Giacinta', '3452679321', 'giacintamazzi@email.com', 14 );
INSERT INTO Informazioni ( Nome, Telefono, Email, Indirizzo ) VALUES ( 'Quintilia', '3453894871', 'quintiliapirozzi@email.com', 15 );
INSERT INTO Informazioni ( Nome, Telefono, Email, Indirizzo ) VALUES ( 'Letizia', '3451958162', 'letiziasagese@email.com', 16 );
INSERT INTO Informazioni ( Nome, Telefono, Email, Indirizzo ) VALUES ( 'Anna', '3453313144', 'annamarchesi@email.com', 17 );
INSERT INTO Informazioni ( Nome, Telefono, Email, Indirizzo ) VALUES ( 'Donnino', '3452548687', 'donninopalermo@email.com', 18 );
INSERT INTO Informazioni ( Nome, Telefono, Email, Indirizzo ) VALUES ( 'Edda', '3458402395', 'eddamerini@email.com', 19 );
INSERT INTO Informazioni ( Nome, Telefono, Email, Indirizzo ) VALUES ( 'Ginevra', '3455836696', 'ginevramarino@email.com', 20 );
INSERT INTO Informazioni ( Nome, Telefono, Email, Indirizzo ) VALUES ( 'Geronimo', '3454091209', 'geronimomarino@email.com', 21 );
INSERT INTO Informazioni ( Nome, Telefono, Email, Indirizzo ) VALUES ( 'Dino', '3452742082', 'dinocalabresi@email.com', 22 );
INSERT INTO Informazioni ( Nome, Telefono, Email, Indirizzo ) VALUES ( 'Quintina', '3456441942', 'quintinanapolitano@email.com', 23 );
INSERT INTO Informazioni ( Nome, Telefono, Email, Indirizzo ) VALUES ( 'Gina', '3451960601', 'ginatrevisan@email.com', 24 );
INSERT INTO Informazioni ( Nome, Telefono, Email, Indirizzo ) VALUES ( 'Guglielmo', '3453846074', 'guglielmobarese@email.com', 25 );
INSERT INTO Informazioni ( Nome, Telefono, Email, Indirizzo ) VALUES ( 'Violetta', '3454833531', 'violettaudinese@email.com', 26 );
INSERT INTO Informazioni ( Nome, Telefono, Email, Indirizzo ) VALUES ( 'Ubaldo', '3453881396', 'ubaldofiorentini@email.com', 27 );
INSERT INTO Informazioni ( Nome, Telefono, Email, Indirizzo ) VALUES ( 'Eva', '3452091491', 'evaonio@email.com', 28 );
INSERT INTO Informazioni ( Nome, Telefono, Email, Indirizzo ) VALUES ( 'Arrigo', '3457895653', 'arrigolombardo@email.com', 29 );
INSERT INTO Informazioni ( Nome, Telefono, Email, Indirizzo ) VALUES ( 'Venerando', '3455537519', 'venerandopadovesi@email.com', 30 );
INSERT INTO Informazioni ( Nome, Telefono, Email, Indirizzo ) VALUES ( 'Alba', '3455465417', 'albaricci@email.com', 31 );
INSERT INTO Informazioni ( Nome, Telefono, Email, Indirizzo ) VALUES ( 'Pia', '3457239558', 'pialucciano@email.com', 32 );
INSERT INTO Informazioni ( Nome, Telefono, Email, Indirizzo ) VALUES ( 'Fioretta', '3454165619', 'fiorettasagese@email.com', 33 );
INSERT INTO Informazioni ( Nome, Telefono, Email, Indirizzo ) VALUES ( 'Noemi', '3453308696', 'noemimazzi@email.com', 34 );
INSERT INTO Informazioni ( Nome, Telefono, Email, Indirizzo ) VALUES ( 'Arduino', '3455401902', 'arduinomilano@email.com', 35 );
INSERT INTO Informazioni ( Nome, Telefono, Email, Indirizzo ) VALUES ( 'Ciriaca', '3452911360', 'ciriacapinto@email.com', 36 );
INSERT INTO Informazioni ( Nome, Telefono, Email, Indirizzo ) VALUES ( 'Ciro', '3453766765', 'cirosiciliani@email.com', 37 );
INSERT INTO Informazioni ( Nome, Telefono, Email, Indirizzo ) VALUES ( 'Merico', '3455494353', 'mericoconti@email.com', 38 );
INSERT INTO Informazioni ( Nome, Telefono, Email, Indirizzo ) VALUES ( 'Smeralda', '3450087518', 'smeraldamarchesi@email.com', 39 );
INSERT INTO Informazioni ( Nome, Telefono, Email, Indirizzo ) VALUES ( 'Basilio', '3452578026', 'basiliobianchi@email.com', 40 );
INSERT INTO Informazioni ( Nome, Telefono, Email, Indirizzo ) VALUES ( 'Fausta', '3453053534', 'faustadellucci@email.com', 41 );
INSERT INTO Informazioni ( Nome, Telefono, Email, Indirizzo ) VALUES ( 'Pasquale', '3455629411', 'pasqualecastiglione@email.com', 42 );
INSERT INTO Informazioni ( Nome, Telefono, Email, Indirizzo ) VALUES ( 'Marianna', '3452683947', 'mariannafiorentino@email.com', 43 );
INSERT INTO Informazioni ( Nome, Telefono, Email, Indirizzo ) VALUES ( 'Alfredina', '3455478870', 'alfredinamonaldo@email.com', 44 );
INSERT INTO Informazioni ( Nome, Telefono, Email, Indirizzo ) VALUES ( 'Orsola', '3452803349', 'orsolalucchesi@email.com', 45 );
INSERT INTO Informazioni ( Nome, Telefono, Email, Indirizzo ) VALUES ( 'Michelino', '3459151198', 'michelinopiazza@email.com', 46 );
INSERT INTO Informazioni ( Nome, Telefono, Email, Indirizzo ) VALUES ( 'Galdino', '3450003691', 'galdinopanicucci@email.com', 47 );
INSERT INTO Informazioni ( Nome, Telefono, Email, Indirizzo ) VALUES ( 'Abela', '3456321948', 'abelacremonesi@email.com', 48 );
INSERT INTO Informazioni ( Nome, Telefono, Email, Indirizzo ) VALUES ( 'Irma', '3457680716', 'irmabellucci@email.com', 49 );
INSERT INTO Informazioni ( Nome, Telefono, Email, Indirizzo ) VALUES ( 'Gabriella', '3453924651', 'gabriellamano@email.com', 50 );
INSERT INTO Informazioni ( Nome, Telefono, Email, Indirizzo ) VALUES ( 'Alfredina', '3457653127', 'alfredinalongo@email.com', 51 );
INSERT INTO Informazioni ( Nome, Telefono, Email, Indirizzo ) VALUES ( 'Alvise', '3457422337', 'alvisemilano@email.com', 52 );
INSERT INTO Informazioni ( Nome, Telefono, Email, Indirizzo ) VALUES ( 'Adalberta', '3459676918', 'adalbertamonaldo@email.com', 53 );
INSERT INTO Informazioni ( Nome, Telefono, Email, Indirizzo ) VALUES ( 'Anita', '3457790711', 'anitamarino@email.com', 54 );
INSERT INTO Informazioni ( Nome, Telefono, Email, Indirizzo ) VALUES ( 'Marta', '3452923514', 'martabruno@email.com', 55 );
INSERT INTO Informazioni ( Nome, Telefono, Email, Indirizzo ) VALUES ( 'Quintino', '3459616787', 'quintinoschiavone@email.com', 56 );
INSERT INTO Informazioni ( Nome, Telefono, Email, Indirizzo ) VALUES ( 'Ilario', '3452441713', 'ilariotrentino@email.com', 57 );
INSERT INTO Informazioni ( Nome, Telefono, Email, Indirizzo ) VALUES ( 'Agata', '3457714160', 'agatagreco@email.com', 58 );
INSERT INTO Informazioni ( Nome, Telefono, Email, Indirizzo ) VALUES ( 'Alide', '3457780984', 'alideudinesi@email.com', 59 );
INSERT INTO Informazioni ( Nome, Telefono, Email, Indirizzo ) VALUES ( 'Alberico', '3458752700', 'albericomarchesi@email.com', 60 );
INSERT INTO Informazioni ( Nome, Telefono, Email, Indirizzo ) VALUES ( 'Luciano', '3453170125', 'lucianonapolitani@email.com', 61 );
INSERT INTO Informazioni ( Nome, Telefono, Email, Indirizzo ) VALUES ( 'Azzurra', '3451774289', 'azzurrafiorentini@email.com', 62 );
INSERT INTO Informazioni ( Nome, Telefono, Email, Indirizzo ) VALUES ( 'Camilla', '3455296984', 'camillagiordano@email.com', 63 );
INSERT INTO Informazioni ( Nome, Telefono, Email, Indirizzo ) VALUES ( 'Lia', '3455209678', 'lialoggia@email.com', 64 );
INSERT INTO Informazioni ( Nome, Telefono, Email, Indirizzo ) VALUES ( 'Anna', '3457873746', 'annarossi@email.com', 65 );
INSERT INTO Informazioni ( Nome, Telefono, Email, Indirizzo ) VALUES ( 'Gianni', '3454639188', 'giannipalerma@email.com', 66 );
INSERT INTO Informazioni ( Nome, Telefono, Email, Indirizzo ) VALUES ( 'Salvatore', '3456739329', 'salvatoretoscani@email.com', 67 );
INSERT INTO Informazioni ( Nome, Telefono, Email, Indirizzo ) VALUES ( 'Savino', '3453487340', 'savinozito@email.com', 68 );
INSERT INTO Informazioni ( Nome, Telefono, Email, Indirizzo ) VALUES ( 'Tito', '3456547423', 'titobruno@email.com', 69 );
INSERT INTO Informazioni ( Nome, Telefono, Email, Indirizzo ) VALUES ( 'Valentina', '3457705014', 'valentinaarcuri@email.com', 70 );
INSERT INTO Informazioni ( Nome, Telefono, Email, Indirizzo ) VALUES ( 'Piero', '3450622922', 'pieropagnotto@email.com', 71 );
INSERT INTO Informazioni ( Nome, Telefono, Email, Indirizzo ) VALUES ( 'Macaria', '3454172393', 'macariaangelo@email.com', 72 );
INSERT INTO Informazioni ( Nome, Telefono, Email, Indirizzo ) VALUES ( 'Ruggero', '3453178635', 'ruggeropagnotto@email.com', 73 );
INSERT INTO Informazioni ( Nome, Telefono, Email, Indirizzo ) VALUES ( 'Colomba', '3458977161', 'colombatrevisani@email.com', 74 );
INSERT INTO Informazioni ( Nome, Telefono, Email, Indirizzo ) VALUES ( 'Noemi', '3452006527', 'noemigenovesi@email.com', 75 );
INSERT INTO Informazioni ( Nome, Telefono, Email, Indirizzo ) VALUES ( 'Alfredo', '3456930233', 'alfredolorenzo@email.com', 76 );
INSERT INTO Informazioni ( Nome, Telefono, Email, Indirizzo ) VALUES ( 'Generosa', '3457664740', 'generosalongo@email.com', 77 );
INSERT INTO Informazioni ( Nome, Telefono, Email, Indirizzo ) VALUES ( 'Gino', '3454396418', 'ginopinto@email.com', 78 );
INSERT INTO Informazioni ( Nome, Telefono, Email, Indirizzo ) VALUES ( 'Letterio', '3458337046', 'letterioferrari@email.com', 79 );
INSERT INTO Informazioni ( Nome, Telefono, Email, Indirizzo ) VALUES ( 'Battista', '3450573112', 'battistaboni@email.com', 80 );
INSERT INTO Informazioni ( Nome, Telefono, Email, Indirizzo ) VALUES ( 'Lorenzo', '3459151538', 'lorenzopinto@email.com', 81 );
INSERT INTO Informazioni ( Nome, Telefono, Email, Indirizzo ) VALUES ( 'Jole', '3451007248', 'jolepalermo@email.com', 82 );
INSERT INTO Informazioni ( Nome, Telefono, Email, Indirizzo ) VALUES ( 'Alfio', '3455350703', 'alfiopalermo@email.com', 83 );
INSERT INTO Informazioni ( Nome, Telefono, Email, Indirizzo ) VALUES ( 'Melissa', '3458445792', 'melissapalerma@email.com', 84 );
INSERT INTO Informazioni ( Nome, Telefono, Email, Indirizzo ) VALUES ( 'Rosina', '3455195719', 'rosinaudinese@email.com', 85 );
INSERT INTO Informazioni ( Nome, Telefono, Email, Indirizzo ) VALUES ( 'Omero', '3457508001', 'omerobergamaschi@email.com', 86 );
INSERT INTO Informazioni ( Nome, Telefono, Email, Indirizzo ) VALUES ( 'Guendalina', '3457369321', 'guendalinamilano@email.com', 87 );
INSERT INTO Informazioni ( Nome, Telefono, Email, Indirizzo ) VALUES ( 'Carmelo', '3453546796', 'carmelolucchesi@email.com', 88 );
INSERT INTO Informazioni ( Nome, Telefono, Email, Indirizzo ) VALUES ( 'Geraldina', '3455170143', 'geraldinaferrari@email.com', 89 );
INSERT INTO Informazioni ( Nome, Telefono, Email, Indirizzo ) VALUES ( 'Libera', '3451631309', 'liberamaria@email.com', 90 );
INSERT INTO Informazioni ( Nome, Telefono, Email, Indirizzo ) VALUES ( 'Daria', '3450379099', 'dariaricci@email.com', 91 );
INSERT INTO Informazioni ( Nome, Telefono, Email, Indirizzo ) VALUES ( 'Elvia', '3456469007', 'elviapadovano@email.com', 92 );
INSERT INTO Informazioni ( Nome, Telefono, Email, Indirizzo ) VALUES ( 'Manuele', '3453691498', 'manuelesal@email.com', 93 );
INSERT INTO Informazioni ( Nome, Telefono, Email, Indirizzo ) VALUES ( 'Geronima', '3457201164', 'geronimatrentini@email.com', 94 );
INSERT INTO Informazioni ( Nome, Telefono, Email, Indirizzo ) VALUES ( 'Marta', '3459118682', 'martaesposito@email.com', 95 );
INSERT INTO Informazioni ( Nome, Telefono, Email, Indirizzo ) VALUES ( 'Giuliano', '3459592688', 'giulianoromani@email.com', 96 );
INSERT INTO Informazioni ( Nome, Telefono, Email, Indirizzo ) VALUES ( 'Paola', '3455183012', 'paolaromani@email.com', 97 );
INSERT INTO Informazioni ( Nome, Telefono, Email, Indirizzo ) VALUES ( 'Luigi', '3453204022', 'luigilucchese@email.com', 98 );
INSERT INTO Informazioni ( Nome, Telefono, Email, Indirizzo ) VALUES ( 'Severino', '3451281838', 'severinomilani@email.com', 99 );
INSERT INTO Informazioni ( Nome, Telefono, Email, Indirizzo ) VALUES ( 'Luana', '3458350944', 'luanatoscano@email.com', 100 );
INSERT INTO Acquirenti (  ) VALUES (  );
INSERT INTO Acquirenti (  ) VALUES (  );
INSERT INTO Acquirenti (  ) VALUES (  );
INSERT INTO Acquirenti (  ) VALUES (  );
INSERT INTO Acquirenti (  ) VALUES (  );
INSERT INTO Acquirenti (  ) VALUES (  );
INSERT INTO Acquirenti (  ) VALUES (  );
INSERT INTO Acquirenti (  ) VALUES (  );
INSERT INTO Acquirenti (  ) VALUES (  );
INSERT INTO Acquirenti (  ) VALUES (  );
INSERT INTO Acquirenti (  ) VALUES (  );
INSERT INTO Acquirenti (  ) VALUES (  );
INSERT INTO Acquirenti (  ) VALUES (  );
INSERT INTO Acquirenti (  ) VALUES (  );
INSERT INTO Acquirenti (  ) VALUES (  );
INSERT INTO Acquirenti (  ) VALUES (  );
INSERT INTO Acquirenti (  ) VALUES (  );
INSERT INTO Acquirenti (  ) VALUES (  );
INSERT INTO Acquirenti (  ) VALUES (  );
INSERT INTO Acquirenti (  ) VALUES (  );
INSERT INTO Acquirenti (  ) VALUES (  );
INSERT INTO Acquirenti (  ) VALUES (  );
INSERT INTO Acquirenti (  ) VALUES (  );
INSERT INTO Acquirenti (  ) VALUES (  );
INSERT INTO Acquirenti (  ) VALUES (  );
INSERT INTO Acquirenti (  ) VALUES (  );
INSERT INTO Acquirenti (  ) VALUES (  );
INSERT INTO Acquirenti (  ) VALUES (  );
INSERT INTO Acquirenti (  ) VALUES (  );
INSERT INTO Acquirenti (  ) VALUES (  );
INSERT INTO Acquirenti (  ) VALUES (  );
INSERT INTO Acquirenti (  ) VALUES (  );
INSERT INTO Acquirenti (  ) VALUES (  );
INSERT INTO Acquirenti (  ) VALUES (  );
INSERT INTO Acquirenti (  ) VALUES (  );
INSERT INTO Acquirenti (  ) VALUES (  );
INSERT INTO Acquirenti (  ) VALUES (  );
INSERT INTO Acquirenti (  ) VALUES (  );
INSERT INTO Acquirenti (  ) VALUES (  );
INSERT INTO Acquirenti (  ) VALUES (  );
INSERT INTO Acquirenti (  ) VALUES (  );
INSERT INTO Acquirenti (  ) VALUES (  );
INSERT INTO Acquirenti (  ) VALUES (  );
INSERT INTO Acquirenti (  ) VALUES (  );
INSERT INTO Acquirenti (  ) VALUES (  );
INSERT INTO Acquirenti (  ) VALUES (  );
INSERT INTO Acquirenti (  ) VALUES (  );
INSERT INTO Acquirenti (  ) VALUES (  );
INSERT INTO Acquirenti (  ) VALUES (  );
INSERT INTO Acquirenti (  ) VALUES (  );
INSERT INTO Acquirenti (  ) VALUES (  );
INSERT INTO Acquirenti (  ) VALUES (  );
INSERT INTO Acquirenti (  ) VALUES (  );
INSERT INTO Acquirenti (  ) VALUES (  );
INSERT INTO Acquirenti (  ) VALUES (  );
INSERT INTO Acquirenti (  ) VALUES (  );
INSERT INTO Acquirenti (  ) VALUES (  );
INSERT INTO Acquirenti (  ) VALUES (  );
INSERT INTO Acquirenti (  ) VALUES (  );
INSERT INTO Acquirenti (  ) VALUES (  );
INSERT INTO Acquirenti (  ) VALUES (  );
INSERT INTO Acquirenti (  ) VALUES (  );
INSERT INTO Acquirenti (  ) VALUES (  );
INSERT INTO Acquirenti (  ) VALUES (  );
INSERT INTO Acquirenti (  ) VALUES (  );
INSERT INTO Acquirenti (  ) VALUES (  );
INSERT INTO Acquirenti (  ) VALUES (  );
INSERT INTO Acquirenti (  ) VALUES (  );
INSERT INTO Acquirenti (  ) VALUES (  );
INSERT INTO Acquirenti (  ) VALUES (  );
INSERT INTO Acquirenti (  ) VALUES (  );
INSERT INTO Acquirenti (  ) VALUES (  );
INSERT INTO Acquirenti (  ) VALUES (  );
INSERT INTO Acquirenti (  ) VALUES (  );
INSERT INTO Acquirenti (  ) VALUES (  );
INSERT INTO Acquirenti (  ) VALUES (  );
INSERT INTO Acquirenti (  ) VALUES (  );
INSERT INTO Acquirenti (  ) VALUES (  );
INSERT INTO Acquirenti (  ) VALUES (  );
INSERT INTO Acquirenti (  ) VALUES (  );
INSERT INTO Privati ( Id, Cognome, InformazioniAggiuntive ) VALUES ( 1, 'Barese', 1 );
INSERT INTO Privati ( Id, Cognome, InformazioniAggiuntive ) VALUES ( 2, 'Pirozzi', 2 );
INSERT INTO Privati ( Id, Cognome, InformazioniAggiuntive ) VALUES ( 3, 'Cattaneo', 3 );
INSERT INTO Privati ( Id, Cognome, InformazioniAggiuntive ) VALUES ( 4, 'Cattaneo', 4 );
INSERT INTO Privati ( Id, Cognome, InformazioniAggiuntive ) VALUES ( 5, 'Bellucci', 5 );
INSERT INTO Privati ( Id, Cognome, InformazioniAggiuntive ) VALUES ( 6, 'Romano', 6 );
INSERT INTO Privati ( Id, Cognome, InformazioniAggiuntive ) VALUES ( 7, 'Siciliani', 7 );
INSERT INTO Privati ( Id, Cognome, InformazioniAggiuntive ) VALUES ( 8, 'Lettiere', 8 );
INSERT INTO Privati ( Id, Cognome, InformazioniAggiuntive ) VALUES ( 9, 'Zetticci', 9 );
INSERT INTO Privati ( Id, Cognome, InformazioniAggiuntive ) VALUES ( 10, 'Lucchese', 10 );
INSERT INTO Privati ( Id, Cognome, InformazioniAggiuntive ) VALUES ( 11, 'Toscano', 11 );
INSERT INTO Privati ( Id, Cognome, InformazioniAggiuntive ) VALUES ( 12, 'Gallo', 12 );
INSERT INTO Privati ( Id, Cognome, InformazioniAggiuntive ) VALUES ( 13, 'Bellucci', 13 );
INSERT INTO Privati ( Id, Cognome, InformazioniAggiuntive ) VALUES ( 14, 'Mazzi', 14 );
INSERT INTO Privati ( Id, Cognome, InformazioniAggiuntive ) VALUES ( 15, 'Pirozzi', 15 );
INSERT INTO Privati ( Id, Cognome, InformazioniAggiuntive ) VALUES ( 16, 'Agnese', 16 );
INSERT INTO Privati ( Id, Cognome, InformazioniAggiuntive ) VALUES ( 17, 'Marchesi', 17 );
INSERT INTO Privati ( Id, Cognome, InformazioniAggiuntive ) VALUES ( 18, 'Palermo', 18 );
INSERT INTO Privati ( Id, Cognome, InformazioniAggiuntive ) VALUES ( 19, 'Merini', 19 );
INSERT INTO Privati ( Id, Cognome, InformazioniAggiuntive ) VALUES ( 20, 'Marino', 20 );
INSERT INTO Privati ( Id, Cognome, InformazioniAggiuntive ) VALUES ( 21, 'Calabresi', 21 );
INSERT INTO Privati ( Id, Cognome, InformazioniAggiuntive ) VALUES ( 22, 'Napolitano', 22 );
INSERT INTO Privati ( Id, Cognome, InformazioniAggiuntive ) VALUES ( 23, 'Trevisan', 23 );
INSERT INTO Privati ( Id, Cognome, InformazioniAggiuntive ) VALUES ( 24, 'Barese', 24 );
INSERT INTO Privati ( Id, Cognome, InformazioniAggiuntive ) VALUES ( 25, 'Udinese', 25 );
INSERT INTO Privati ( Id, Cognome, InformazioniAggiuntive ) VALUES ( 26, 'Fiorentini', 26 );
INSERT INTO Privati ( Id, Cognome, InformazioniAggiuntive ) VALUES ( 27, 'Onio', 27 );
INSERT INTO Privati ( Id, Cognome, InformazioniAggiuntive ) VALUES ( 28, 'Lombardo', 28 );
INSERT INTO Privati ( Id, Cognome, InformazioniAggiuntive ) VALUES ( 29, 'Pavesi', 29 );
INSERT INTO Privati ( Id, Cognome, InformazioniAggiuntive ) VALUES ( 30, 'Ricci', 30 );
INSERT INTO Privati ( Id, Cognome, InformazioniAggiuntive ) VALUES ( 31, 'Lucciano', 31 );
INSERT INTO Privati ( Id, Cognome, InformazioniAggiuntive ) VALUES ( 32, 'Sagese', 32 );
INSERT INTO Privati ( Id, Cognome, InformazioniAggiuntive ) VALUES ( 33, 'Mazzi', 33 );
INSERT INTO Privati ( Id, Cognome, InformazioniAggiuntive ) VALUES ( 34, 'Milano', 34 );
INSERT INTO Privati ( Id, Cognome, InformazioniAggiuntive ) VALUES ( 35, 'Pinto', 35 );
INSERT INTO Privati ( Id, Cognome, InformazioniAggiuntive ) VALUES ( 36, 'Siciliani', 36 );
INSERT INTO Privati ( Id, Cognome, InformazioniAggiuntive ) VALUES ( 37, 'Conti', 37 );
INSERT INTO Privati ( Id, Cognome, InformazioniAggiuntive ) VALUES ( 38, 'Marchesi', 38 );
INSERT INTO Privati ( Id, Cognome, InformazioniAggiuntive ) VALUES ( 39, 'Bianchi', 39 );
INSERT INTO Privati ( Id, Cognome, InformazioniAggiuntive ) VALUES ( 40, 'Dellucci', 40 );
INSERT INTO Privati ( Id, Cognome, InformazioniAggiuntive ) VALUES ( 41, 'Castiglione', 41 );
INSERT INTO Privati ( Id, Cognome, InformazioniAggiuntive ) VALUES ( 42, 'Fiorentino', 42 );
INSERT INTO Privati ( Id, Cognome, InformazioniAggiuntive ) VALUES ( 43, 'Monaldo', 43 );
INSERT INTO Privati ( Id, Cognome, InformazioniAggiuntive ) VALUES ( 44, 'Lucchesi', 44 );
INSERT INTO Privati ( Id, Cognome, InformazioniAggiuntive ) VALUES ( 45, 'Piazza', 45 );
INSERT INTO Privati ( Id, Cognome, InformazioniAggiuntive ) VALUES ( 46, 'Panicucci', 46 );
INSERT INTO Privati ( Id, Cognome, InformazioniAggiuntive ) VALUES ( 47, 'Cremonesi', 47 );
INSERT INTO Privati ( Id, Cognome, InformazioniAggiuntive ) VALUES ( 48, 'Bellucci', 48 );
INSERT INTO Privati ( Id, Cognome, InformazioniAggiuntive ) VALUES ( 49, 'Mano', 49 );
INSERT INTO Privati ( Id, Cognome, InformazioniAggiuntive ) VALUES ( 50, 'Longo', 50 );
INSERT INTO Aziende ( PartitaIVA, NumAcquirente, NomeReferente, CognomeReferente, InformazioniAggiuntive ) VALUES ( 23014284219, 51, 'Benilde', 'Trevisano', 51 );
INSERT INTO Aziende ( PartitaIVA, NumAcquirente, NomeReferente, CognomeReferente, InformazioniAggiuntive ) VALUES ( 66887761439, 52, 'Giuseppa', 'Pisani', 52 );
INSERT INTO Aziende ( PartitaIVA, NumAcquirente, NomeReferente, CognomeReferente, InformazioniAggiuntive ) VALUES ( 77167580326, 53, 'Lucio', 'Trevisani', 53 );
INSERT INTO Aziende ( PartitaIVA, NumAcquirente, NomeReferente, CognomeReferente, InformazioniAggiuntive ) VALUES ( 76088428714, 54, 'Terzo', 'Manfrin', 54 );
INSERT INTO Aziende ( PartitaIVA, NumAcquirente, NomeReferente, CognomeReferente, InformazioniAggiuntive ) VALUES ( 61567835518, 55, 'Ruggero', 'Palerma', 55 );
INSERT INTO Aziende ( PartitaIVA, NumAcquirente, NomeReferente, CognomeReferente, InformazioniAggiuntive ) VALUES ( 29157536269, 56, 'Bianca', 'Endrizzi', 56 );
INSERT INTO Aziende ( PartitaIVA, NumAcquirente, NomeReferente, CognomeReferente, InformazioniAggiuntive ) VALUES ( 63457627793, 57, 'Salomone', 'Marino', 57 );
INSERT INTO Aziende ( PartitaIVA, NumAcquirente, NomeReferente, CognomeReferente, InformazioniAggiuntive ) VALUES ( 56999890842, 58, 'Rachele', '', 58 );
INSERT INTO Aziende ( PartitaIVA, NumAcquirente, NomeReferente, CognomeReferente, InformazioniAggiuntive ) VALUES ( 10935062647, 59, 'Wilma', 'Greco', 59 );
INSERT INTO Aziende ( PartitaIVA, NumAcquirente, NomeReferente, CognomeReferente, InformazioniAggiuntive ) VALUES ( 64899171268, 60, 'Anastasia', 'Lorenzo', 60 );
INSERT INTO Aziende ( PartitaIVA, NumAcquirente, NomeReferente, CognomeReferente, InformazioniAggiuntive ) VALUES ( 82429726777, 61, 'Prisco', 'Calabresi', 61 );
INSERT INTO Aziende ( PartitaIVA, NumAcquirente, NomeReferente, CognomeReferente, InformazioniAggiuntive ) VALUES ( 99843548850, 62, 'Luigia', 'Udinesi', 62 );
INSERT INTO Aziende ( PartitaIVA, NumAcquirente, NomeReferente, CognomeReferente, InformazioniAggiuntive ) VALUES ( 69335129569, 63, 'Renzo', 'Zito', 63 );
INSERT INTO Aziende ( PartitaIVA, NumAcquirente, NomeReferente, CognomeReferente, InformazioniAggiuntive ) VALUES ( 22288789915, 64, 'Celso', 'Pirozzi', 64 );
INSERT INTO Aziende ( PartitaIVA, NumAcquirente, NomeReferente, CognomeReferente, InformazioniAggiuntive ) VALUES ( 35580963355, 65, 'Lealdo', 'Iadanza', 65 );
INSERT INTO Aziende ( PartitaIVA, NumAcquirente, NomeReferente, CognomeReferente, InformazioniAggiuntive ) VALUES ( 84067678658, 66, 'Assunta', 'Piazza', 66 );
INSERT INTO Aziende ( PartitaIVA, NumAcquirente, NomeReferente, CognomeReferente, InformazioniAggiuntive ) VALUES ( 93154400832, 67, 'Cristiana', 'Palerma', 67 );
INSERT INTO Aziende ( PartitaIVA, NumAcquirente, NomeReferente, CognomeReferente, InformazioniAggiuntive ) VALUES ( 44294051351, 68, 'Arcangelo', 'Mazzanti', 68 );
INSERT INTO Aziende ( PartitaIVA, NumAcquirente, NomeReferente, CognomeReferente, InformazioniAggiuntive ) VALUES ( 34090372115, 69, 'Cassandra', 'Trevisan', 69 );
INSERT INTO Aziende ( PartitaIVA, NumAcquirente, NomeReferente, CognomeReferente, InformazioniAggiuntive ) VALUES ( 68477534983, 70, 'Noemi', 'Pagnotto', 70 );
INSERT INTO Aziende ( PartitaIVA, NumAcquirente, NomeReferente, CognomeReferente, InformazioniAggiuntive ) VALUES ( 57246733917, 71, 'Crispino', 'Milano', 71 );
INSERT INTO Aziende ( PartitaIVA, NumAcquirente, NomeReferente, CognomeReferente, InformazioniAggiuntive ) VALUES ( 88070544187, 72, 'Alda', 'Calabrese', 72 );
INSERT INTO Aziende ( PartitaIVA, NumAcquirente, NomeReferente, CognomeReferente, InformazioniAggiuntive ) VALUES ( 27650821381, 73, 'Palmiro', 'Lucchese', 73 );
INSERT INTO Aziende ( PartitaIVA, NumAcquirente, NomeReferente, CognomeReferente, InformazioniAggiuntive ) VALUES ( 47311443946, 74, 'Raimondo', 'Trevisan', 74 );
INSERT INTO Aziende ( PartitaIVA, NumAcquirente, NomeReferente, CognomeReferente, InformazioniAggiuntive ) VALUES ( 64158661717, 75, 'Quintina', 'Davide', 75 );
INSERT INTO Aziende ( PartitaIVA, NumAcquirente, NomeReferente, CognomeReferente, InformazioniAggiuntive ) VALUES ( 60166872648, 76, 'Liberato', 'Longo', 76 );
INSERT INTO Aziende ( PartitaIVA, NumAcquirente, NomeReferente, CognomeReferente, InformazioniAggiuntive ) VALUES ( 16784531646, 77, 'Luigia', 'Calabresi', 77 );
INSERT INTO Aziende ( PartitaIVA, NumAcquirente, NomeReferente, CognomeReferente, InformazioniAggiuntive ) VALUES ( 44017267204, 78, 'Licia', 'Padovesi', 78 );
INSERT INTO Aziende ( PartitaIVA, NumAcquirente, NomeReferente, CognomeReferente, InformazioniAggiuntive ) VALUES ( 57492460140, 79, 'Lorena', 'Romani', 79 );
INSERT INTO Aziende ( PartitaIVA, NumAcquirente, NomeReferente, CognomeReferente, InformazioniAggiuntive ) VALUES ( 52562854351, 80, 'Bianca', 'Trevisani', 41 );
INSERT INTO Aziende ( PartitaIVA, NomeReferente, CognomeReferente, InformazioniAggiuntive ) VALUES ( 57920166297, 'Cassandra', 'Padovano', 42 );
INSERT INTO Aziende ( PartitaIVA, NomeReferente, CognomeReferente, InformazioniAggiuntive ) VALUES ( 14019458487, 'Ambrosia', 'Piazza', 43 );
INSERT INTO Aziende ( PartitaIVA, NomeReferente, CognomeReferente, InformazioniAggiuntive ) VALUES ( 80865928944, 'Berengario', 'Genovesi', 44 );
INSERT INTO Aziende ( PartitaIVA, NomeReferente, CognomeReferente, InformazioniAggiuntive ) VALUES ( 83916986053, 'Pantaleone', 'Pisano', 45 );
INSERT INTO Aziende ( PartitaIVA, NomeReferente, CognomeReferente, InformazioniAggiuntive ) VALUES ( 75282938291, 'Giuseppina', 'Genovese', 46 );
INSERT INTO Aziende ( PartitaIVA, NomeReferente, CognomeReferente, InformazioniAggiuntive ) VALUES ( 43387584918, 'Sebastiano', 'Milano', 47 );
INSERT INTO Aziende ( PartitaIVA, NomeReferente, CognomeReferente, InformazioniAggiuntive ) VALUES ( 56881424359, 'Cristian', 'Pirozzi', 48 );
INSERT INTO Aziende ( PartitaIVA, NomeReferente, CognomeReferente, InformazioniAggiuntive ) VALUES ( 90577964125, 'Rosaria', 'Esposito', 49 );
INSERT INTO Aziende ( PartitaIVA, NomeReferente, CognomeReferente, InformazioniAggiuntive ) VALUES ( 93192822911, 'Quintiliano', 'Padovesi', 50 );
INSERT INTO Aziende ( PartitaIVA, NomeReferente, CognomeReferente, InformazioniAggiuntive ) VALUES ( 68438593223, 'Girolamo', 'Milanesi', 80 );
INSERT INTO Aziende ( PartitaIVA, NomeReferente, CognomeReferente, InformazioniAggiuntive ) VALUES ( 82811405174, 'Urania', 'Udinese', 81 );
INSERT INTO Aziende ( PartitaIVA, NomeReferente, CognomeReferente, InformazioniAggiuntive ) VALUES ( 98134702039, 'Mareta', 'Nucci', 82 );
INSERT INTO Aziende ( PartitaIVA, NomeReferente, CognomeReferente, InformazioniAggiuntive ) VALUES ( 34213758600, 'Dimitri', 'Pinto', 83 );
INSERT INTO Aziende ( PartitaIVA, NomeReferente, CognomeReferente, InformazioniAggiuntive ) VALUES ( 28402852740, 'Libero', 'Folliero', 84 );
INSERT INTO Aziende ( PartitaIVA, NomeReferente, CognomeReferente, InformazioniAggiuntive ) VALUES ( 50372489437, 'Regina', 'Marino', 85 );
INSERT INTO Aziende ( PartitaIVA, NomeReferente, CognomeReferente, InformazioniAggiuntive ) VALUES ( 86364114568, 'Concetta', 'Baresi', 86 );
INSERT INTO Aziende ( PartitaIVA, NomeReferente, CognomeReferente, InformazioniAggiuntive ) VALUES ( 63852328799, 'Emilia', 'Endrizzi', 87 );
INSERT INTO Aziende ( PartitaIVA, NomeReferente, CognomeReferente, InformazioniAggiuntive ) VALUES ( 80687294957, 'Bruto', 'Monaldo', 88 );
INSERT INTO Aziende ( PartitaIVA, NomeReferente, CognomeReferente, InformazioniAggiuntive ) VALUES ( 93294559682, 'Delfio', 'Trevisan', 89 );
INSERT INTO Aziende ( PartitaIVA, NomeReferente, CognomeReferente, InformazioniAggiuntive ) VALUES ( 41387604801, 'Quinzio', 'Barese', 90 );
INSERT INTO Fornitori ( Id, Tipologia ) VALUES ( 68438593223, 'Tappo' );
INSERT INTO Fornitori ( Id, Tipologia ) VALUES ( 82811405174, 'Uva' );
INSERT INTO Fornitori ( Id, Tipologia ) VALUES ( 98134702039, 'Tappo' );
INSERT INTO Fornitori ( Id, Tipologia ) VALUES ( 34213758600, 'Bottiglia' );
INSERT INTO Fornitori ( Id, Tipologia ) VALUES ( 28402852740, 'Bottiglia' );
INSERT INTO Fornitori ( Id, Tipologia ) VALUES ( 50372489437, 'Tappo' );
INSERT INTO Fornitori ( Id, Tipologia ) VALUES ( 86364114568, 'Uva' );
INSERT INTO Fornitori ( Id, Tipologia ) VALUES ( 63852328799, 'Uva' );
INSERT INTO Fornitori ( Id, Tipologia ) VALUES ( 80687294957, 'Tappo' );
INSERT INTO Fornitori ( Id, Tipologia ) VALUES ( 93294559682, 'Uva' );
INSERT INTO Fornitori ( Id, Tipologia ) VALUES ( 41387604801, 'Bottiglia' );
INSERT INTO Fornitori ( Id, Tipologia ) VALUES ( 93192822911, 'Tappo' );
INSERT INTO Fornitori ( Id, Tipologia ) VALUES ( 77167580326, 'Uva' );
INSERT INTO Fornitori ( Id, Tipologia ) VALUES ( 84067678658, 'Tappo' );
INSERT INTO Fornitori ( Id, Tipologia ) VALUES ( 63457627793, 'Uva' );
INSERT INTO Fornitori ( Id, Tipologia ) VALUES ( 69335129569, 'Bottiglia' );
INSERT INTO Fornitori ( Id, Tipologia ) VALUES ( 56881424359, 'Uva' );
INSERT INTO Fornitori ( Id, Tipologia ) VALUES ( 66887761439, 'Tappo' );
INSERT INTO Fornitori ( Id, Tipologia ) VALUES ( 64899171268, 'Bottiglia' );
INSERT INTO Fornitori ( Id, Tipologia ) VALUES ( 10935062647 , 'Uva' );
INSERT INTO TipiUva ( Nome, Colore ) VALUES ( 'Perle di Saba', 'Bianco' );
INSERT INTO TipiUva ( Nome, Colore ) VALUES ( 'Demeter', 'Bianco' );
INSERT INTO TipiUva ( Nome, Colore ) VALUES ( 'Lydia', 'Rosso' );
INSERT INTO TipiUva ( Nome, Colore ) VALUES ( 'Cardinale', 'Nero' );
INSERT INTO TipiUva ( Nome, Colore ) VALUES ( 'Tason', 'Giallo' );
INSERT INTO TipiUva ( Nome, Colore ) VALUES ( 'Favore', 'Rosso' );
INSERT INTO TipiUva ( Nome, Colore ) VALUES ( 'Charlie', 'Nero' );
INSERT INTO TipiUva ( Nome, Colore ) VALUES ( 'Ukrainka', 'Rosa' );
INSERT INTO TipiUva ( Nome, Colore ) VALUES ( 'Sofia', 'Rosso' );
INSERT INTO TipiUva ( Nome, Colore ) VALUES ( 'Nina', 'Rosso' );
INSERT INTO Uva ( TipoUva, Fornitore, Annata ) VALUES ( 'Perle di Saba', 82811405174, 2015 );
INSERT INTO Uva ( TipoUva, Fornitore, Annata ) VALUES ( 'Tason', 86364114568, 2015 );
INSERT INTO Uva ( TipoUva, Fornitore, Annata ) VALUES ( 'Nina', 82811405174, 2015 );
INSERT INTO Uva ( TipoUva, Fornitore, Annata ) VALUES ( 'Sofia', 63457627793, 2015 );
INSERT INTO Uva ( TipoUva, Fornitore, Annata ) VALUES ( 'Nina', 10935062647, 2015 );
INSERT INTO Uva ( TipoUva, Fornitore, Annata ) VALUES ( 'Lydia', 63852328799, 2015 );
INSERT INTO Uva ( TipoUva, Fornitore, Annata ) VALUES ( 'Sofia', 63457627793, 2015 );
INSERT INTO Uva ( TipoUva, Fornitore, Annata ) VALUES ( 'Cardinale', 63852328799, 2015 );
INSERT INTO Uva ( TipoUva, Fornitore, Annata ) VALUES ( 'Perle di Saba', 10935062647, 2015 );
INSERT INTO Uva ( TipoUva, Fornitore, Annata ) VALUES ( 'Tason', 63457627793, 2015 );
INSERT INTO Uva ( TipoUva, Fornitore, Annata ) VALUES ( 'Nina', 82811405174, 2015 );
INSERT INTO Uva ( TipoUva, Fornitore, Annata ) VALUES ( 'Lydia', 56881424359, 2015 );
INSERT INTO Uva ( TipoUva, Fornitore, Annata ) VALUES ( 'Ukrainka', 86364114568, 2015 );
INSERT INTO Uva ( TipoUva, Fornitore, Annata ) VALUES ( 'Perle di Saba', 63852328799, 2015 );
INSERT INTO Uva ( TipoUva, Fornitore, Annata ) VALUES ( 'Favore', 86364114568, 2015 );
INSERT INTO Uva ( TipoUva, Fornitore, Annata ) VALUES ( 'Cardinale', 93294559682, 2015 );
INSERT INTO Uva ( TipoUva, Fornitore, Annata ) VALUES ( 'Demeter', 93294559682, 2015 );
INSERT INTO Uva ( TipoUva, Fornitore, Annata ) VALUES ( 'Charlie', 93294559682, 2015 );
INSERT INTO Uva ( TipoUva, Fornitore, Annata ) VALUES ( 'Favore', 82811405174, 2015 );
INSERT INTO Uva ( TipoUva, Fornitore, Annata ) VALUES ( 'Demeter', 77167580326, 2015 );
INSERT INTO Dipendenti ( CodiceFiscale, Nome, Cognome ) VALUES ( '1381537753713443', 'Michelangelo', 'Genovesi' );
INSERT INTO Dipendenti ( CodiceFiscale, Nome, Cognome, Referente ) VALUES ( '4139389581288432', 'Andrea', 'Costa', '1381537753713443' );
INSERT INTO Dipendenti ( CodiceFiscale, Nome, Cognome, Referente ) VALUES ( '8791626944576787', 'Patrizio', 'Romani', '1381537753713443' );
INSERT INTO Dipendenti ( CodiceFiscale, Nome, Cognome, Referente ) VALUES ( '8396940121051054', 'Rosa', 'Siciliani', '1381537753713443' );
INSERT INTO Dipendenti ( CodiceFiscale, Nome, Cognome, Referente ) VALUES ( '8308600785993792', 'Lidia', 'Conti', '1381537753713443' );
INSERT INTO Dipendenti ( CodiceFiscale, Nome, Cognome, Referente ) VALUES ( '5673383480806896', 'Abelardo', 'Genovese', '1381537753713443' );
INSERT INTO Dipendenti ( CodiceFiscale, Nome, Cognome, Referente ) VALUES ( '8601041431529522', 'Luana', 'Pugliesi', '1381537753713443' );
INSERT INTO Dipendenti ( CodiceFiscale, Nome, Cognome, Referente ) VALUES ( '2293965865210543', 'Proserpio', 'Moretti', '1381537753713443' );
INSERT INTO Dipendenti ( CodiceFiscale, Nome, Cognome ) VALUES ( '6337260322246448', 'Bianca', 'Ferri' );
INSERT INTO Dipendenti ( CodiceFiscale, Nome, Cognome, Referente ) VALUES ( '8505246802530648', 'Nicodemo', 'Fiorentino', '1381537753713443' );
INSERT INTO Dipendenti ( CodiceFiscale, Nome, Cognome, Referente ) VALUES ( '5415702359117925', 'Dorotea', 'Sal', '1381537753713443' );
INSERT INTO Dipendenti ( CodiceFiscale, Nome, Cognome, Referente ) VALUES ( '2487732140018372', 'Letterio', 'Monaldo', '1381537753713443' );
INSERT INTO Dipendenti ( CodiceFiscale, Nome, Cognome, Referente ) VALUES ( '7524614508723081', 'Crescenzo', 'Bianchi', '1381537753713443' );
INSERT INTO Dipendenti ( CodiceFiscale, Nome, Cognome, Referente ) VALUES ( '2077727937224817', 'Christian', 'Lucchesi', '1381537753713443' );
INSERT INTO Dipendenti ( CodiceFiscale, Nome, Cognome, Referente ) VALUES ( '4803724411531419', 'Angela', 'Udinesi', '1381537753713443' );
INSERT INTO Dipendenti ( CodiceFiscale, Nome, Cognome, Referente ) VALUES ( '3517680265459629', 'Antonio', 'Genovesi', '1381537753713443' );
INSERT INTO Dipendenti ( CodiceFiscale, Nome, Cognome, Referente ) VALUES ( '2328223935673762', 'Cosma', 'Ricci', '1381537753713443' );
INSERT INTO Dipendenti ( CodiceFiscale, Nome, Cognome, Referente ) VALUES ( '8148721728497327', 'Benedetto', 'Pugliesi', '1381537753713443' );
INSERT INTO Dipendenti ( CodiceFiscale, Nome, Cognome, Referente ) VALUES ( '4608141143774318', 'Christian', 'Palerma', '1381537753713443' );
INSERT INTO Dipendenti ( CodiceFiscale, Nome, Cognome, Referente ) VALUES ( '8294188648960155', 'Marta', 'Greco', '1381537753713443' );
INSERT INTO Dipendenti ( CodiceFiscale, Nome, Cognome ) VALUES ( '8703935763413583', 'Claudia', 'Pirozzi' );
INSERT INTO Dipendenti ( CodiceFiscale, Nome, Cognome, Referente ) VALUES ( '2891604629252377', 'Basilio', 'Rizzo', '8703935763413583' );
INSERT INTO Dipendenti ( CodiceFiscale, Nome, Cognome, Referente ) VALUES ( '2317633520051872', 'Dario', 'Baresi', '8703935763413583' );
INSERT INTO Dipendenti ( CodiceFiscale, Nome, Cognome, Referente ) VALUES ( '6310865063405342', 'Girolamo', 'Ferri', '8703935763413583' );
INSERT INTO Dipendenti ( CodiceFiscale, Nome, Cognome, Referente ) VALUES ( '4999913052769009', 'Ildebrando', 'Trevisano', '8703935763413583' );
INSERT INTO Dipendenti ( CodiceFiscale, Nome, Cognome, Referente ) VALUES ( '5568020893250070', 'Michela', 'Boni', '8703935763413583' );
INSERT INTO Dipendenti ( CodiceFiscale, Nome, Cognome, Referente ) VALUES ( '3993916252502469', 'Luciana', 'Trevisano', '8703935763413583' );
INSERT INTO Dipendenti ( CodiceFiscale, Nome, Cognome, Referente ) VALUES ( '7425501400753756', 'Agostino', 'Lombardi', '8703935763413583' );
INSERT INTO Dipendenti ( CodiceFiscale, Nome, Cognome, Referente ) VALUES ( '5196056974546384', 'Tranquillino', 'Colombo', '8703935763413583' );
INSERT INTO Dipendenti ( CodiceFiscale, Nome, Cognome, Referente ) VALUES ( '9173158280114929', 'Camilla', 'Piazza', '8703935763413583' );
INSERT INTO Dipendenti ( CodiceFiscale, Nome, Cognome, Referente ) VALUES ( '2485106861310395', 'Nunzia', 'Lo', '8703935763413583' );
INSERT INTO Dipendenti ( CodiceFiscale, Nome, Cognome, Referente ) VALUES ( '9352529591790993', 'Alberico', 'Manfrin', '8703935763413583' );
INSERT INTO Dipendenti ( CodiceFiscale, Nome, Cognome, Referente ) VALUES ( '3338525794980959', 'Pasqualina', 'Buccho', '8703935763413583' );
INSERT INTO Dipendenti ( CodiceFiscale, Nome, Cognome, Referente ) VALUES ( '3448486193165981', 'Generoso', 'Bellucci', '8703935763413583' );
INSERT INTO Dipendenti ( CodiceFiscale, Nome, Cognome, Referente ) VALUES ( '6822185620095516', 'Agamennone', 'Mazzi', '8703935763413583' );
INSERT INTO Dipendenti ( CodiceFiscale, Nome, Cognome, Referente ) VALUES ( '9278583151896578', 'Lionello', 'Dellucci', '8703935763413583' );
INSERT INTO Dipendenti ( CodiceFiscale, Nome, Cognome, Referente ) VALUES ( '4396104097665407', 'Terenzio', 'Pisani', '8703935763413583' );
INSERT INTO Dipendenti ( CodiceFiscale, Nome, Cognome, Referente ) VALUES ( '5720827150719192', 'Cosma', 'Lucchese', '8703935763413583' );
INSERT INTO Dipendenti ( CodiceFiscale, Nome, Cognome, Referente ) VALUES ( '7610723435843567', 'Alessandra', 'Angelo', '8703935763413583' );
INSERT INTO Dipendenti ( CodiceFiscale, Nome, Cognome, Referente ) VALUES ( '6863430699839482', 'Fabiano', 'Fanucci', '8703935763413583' );
INSERT INTO Dipendenti ( CodiceFiscale, Nome, Cognome ) VALUES ( '7681361712211111', 'Macaria', 'Angelo' );
INSERT INTO Dipendenti ( CodiceFiscale, Nome, Cognome, Referente ) VALUES ( '4868689557394904', 'Taziana', 'Napolitani', '7681361712211111' );
INSERT INTO Dipendenti ( CodiceFiscale, Nome, Cognome, Referente ) VALUES ( '3636454043099290', 'Ernesta', 'Barese', '7681361712211111' );
INSERT INTO Dipendenti ( CodiceFiscale, Nome, Cognome, Referente ) VALUES ( '6535112762611768', 'Cristian', 'Udinesi', '7681361712211111' );
INSERT INTO Dipendenti ( CodiceFiscale, Nome, Cognome, Referente ) VALUES ( '1689195725025757', 'Alvisa', 'Loggia', '7681361712211111' );
INSERT INTO Dipendenti ( CodiceFiscale, Nome, Cognome, Referente ) VALUES ( '7262172596441694', 'Virginio', 'Russo', '7681361712211111' );
INSERT INTO Dipendenti ( CodiceFiscale, Nome, Cognome, Referente ) VALUES ( '4511427461055965', 'Virginio', 'Lo', '7681361712211111' );
INSERT INTO Dipendenti ( CodiceFiscale, Nome, Cognome, Referente ) VALUES ( '3385769454333542', 'Libero', 'Iadanza', '7681361712211111' );
INSERT INTO Dipendenti ( CodiceFiscale, Nome, Cognome, Referente ) VALUES ( '3774025139063718', 'Abela', 'Romani', '7681361712211111' );
INSERT INTO Dipendenti ( CodiceFiscale, Nome, Cognome, Referente ) VALUES ( '4567329622339251', 'Fedro', 'Udinese', '7681361712211111' );
INSERT INTO Dipendenti ( CodiceFiscale, Nome, Cognome, Referente ) VALUES ( '2276852400932009', 'Gilda', 'Fiorentino', '7681361712211111' );
INSERT INTO Dipendenti ( CodiceFiscale, Nome, Cognome, Referente ) VALUES ( '6239588849645286', 'Abbondio', 'Trentini', '7681361712211111' );
INSERT INTO Dipendenti ( CodiceFiscale, Nome, Cognome, Referente ) VALUES ( '4741213049682931', 'Gloria', 'Angelo', '7681361712211111' );
INSERT INTO Dipendenti ( CodiceFiscale, Nome, Cognome, Referente ) VALUES ( '3120907610315308', 'Igino', 'Trevisan', '7681361712211111' );
INSERT INTO Dipendenti ( CodiceFiscale, Nome, Cognome, Referente ) VALUES ( '9899796553218757', 'Bruno', 'Boni', '7681361712211111' );
INSERT INTO Dipendenti ( CodiceFiscale, Nome, Cognome, Referente ) VALUES ( '4403702588022043', 'Ester', 'Piazza', '7681361712211111' );
INSERT INTO Dipendenti ( CodiceFiscale, Nome, Cognome, Referente ) VALUES ( '8530156167317144', 'Marzio', 'Ferri', '7681361712211111' );
INSERT INTO Dipendenti ( CodiceFiscale, Nome, Cognome, Referente ) VALUES ( '5369178801082115', 'Emidio', 'Longo', '7681361712211111' );
INSERT INTO Dipendenti ( CodiceFiscale, Nome, Cognome, Referente ) VALUES ( '6976314212807459', 'Roberto', 'DeRose', '7681361712211111' );
INSERT INTO Dipendenti ( CodiceFiscale, Nome, Cognome, Referente ) VALUES ( '6192422535429477', 'Gustavo', 'Lori', '7681361712211111' );
INSERT INTO Dipendenti ( CodiceFiscale, Nome, Cognome ) VALUES ( '2137239448629138', 'Medoro', 'Colombo' );
INSERT INTO Dipendenti ( CodiceFiscale, Nome, Cognome, Referente ) VALUES ( '8763554918715981', 'Maria', 'Pia', '2137239448629138' );
INSERT INTO Dipendenti ( CodiceFiscale, Nome, Cognome, Referente ) VALUES ( '8486061080774805', 'Christian', 'Pagnotto', '2137239448629138' );
INSERT INTO Dipendenti ( CodiceFiscale, Nome, Cognome, Referente ) VALUES ( '9202278899672787', 'Filiberto', 'Sabbatini', '2137239448629138' );
INSERT INTO Dipendenti ( CodiceFiscale, Nome, Cognome, Referente ) VALUES ( '7390048029193446', 'Augusto', 'Pagnotto', '2137239448629138' );
INSERT INTO Dipendenti ( CodiceFiscale, Nome, Cognome, Referente ) VALUES ( '5469651034458670', 'Gina', 'Russo', '2137239448629138' );
INSERT INTO Dipendenti ( CodiceFiscale, Nome, Cognome, Referente ) VALUES ( '9994832010206615', 'Urania', 'Lucciano', '2137239448629138' );
INSERT INTO Dipendenti ( CodiceFiscale, Nome, Cognome, Referente ) VALUES ( '5728908152392130', 'Isaia', 'Lori', '2137239448629138' );
INSERT INTO Dipendenti ( CodiceFiscale, Nome, Cognome, Referente ) VALUES ( '6946084288859162', 'Aurelio', 'Baresi', '2137239448629138' );
INSERT INTO Dipendenti ( CodiceFiscale, Nome, Cognome, Referente ) VALUES ( '4150190736140990', 'Quirico', 'Piccio', '2137239448629138' );
INSERT INTO Dipendenti ( CodiceFiscale, Nome, Cognome, Referente ) VALUES ( '3245695612629995', 'Concordia', 'Padovesi', '2137239448629138' );
INSERT INTO Dipendenti ( CodiceFiscale, Nome, Cognome, Referente ) VALUES ( '2455319125488814', 'Domenica', 'DeRose', '2137239448629138' );
INSERT INTO Dipendenti ( CodiceFiscale, Nome, Cognome, Referente ) VALUES ( '4697477669615590', 'Ortensia', 'Folliero', '2137239448629138' );
INSERT INTO Dipendenti ( CodiceFiscale, Nome, Cognome, Referente ) VALUES ( '2480438817420409', 'Gioacchina', 'Davide', '2137239448629138' );
INSERT INTO Dipendenti ( CodiceFiscale, Nome, Cognome, Referente ) VALUES ( '2753973761830893', 'Guarino', 'Davide', '2137239448629138' );
INSERT INTO Dipendenti ( CodiceFiscale, Nome, Cognome, Referente ) VALUES ( '4852638948317467', 'Dina', 'Gallo', '2137239448629138' );
INSERT INTO Dipendenti ( CodiceFiscale, Nome, Cognome, Referente ) VALUES ( '4230396305753748', 'Frida', 'Trevisan', '2137239448629138' );
INSERT INTO Dipendenti ( CodiceFiscale, Nome, Cognome, Referente ) VALUES ( '8244424488008854', 'Quarto', 'Fiorentini', '2137239448629138' );
INSERT INTO Dipendenti ( CodiceFiscale, Nome, Cognome, Referente ) VALUES ( '7575432453216282', 'Anita', 'Mazzi', '2137239448629138' );
INSERT INTO Dipendenti ( CodiceFiscale, Nome, Cognome, Referente ) VALUES ( '1013434220619035', 'Quartilla', '', '2137239448629138' );
INSERT INTO Dipendenti ( CodiceFiscale, Nome, Cognome ) VALUES ( '5347367672304511', 'Christian', 'Udinesi' );
INSERT INTO Dipendenti ( CodiceFiscale, Nome, Cognome, Referente ) VALUES ( '5829148907148442', 'Dimitri', 'Milanesi', '5347367672304511' );
INSERT INTO Dipendenti ( CodiceFiscale, Nome, Cognome, Referente ) VALUES ( '7435073643922558', 'Bonaventura', 'Trevisan', '5347367672304511' );
INSERT INTO Dipendenti ( CodiceFiscale, Nome, Cognome, Referente ) VALUES ( '1960374235792456', 'Ines', 'Calabrese', '5347367672304511' );
INSERT INTO Dipendenti ( CodiceFiscale, Nome, Cognome, Referente ) VALUES ( '6114614869090860', 'Michela', 'Siciliani', '5347367672304511' );
INSERT INTO Dipendenti ( CodiceFiscale, Nome, Cognome, Referente ) VALUES ( '4218661661290687', 'Fantino', 'Zetticci', '5347367672304511' );
INSERT INTO Dipendenti ( CodiceFiscale, Nome, Cognome ) VALUES ( '6565584349581894', 'Belinda', 'Calabresi' );
INSERT INTO Dipendenti ( CodiceFiscale, Nome, Cognome, Referente ) VALUES ( '4396424888016696', 'Ambrogio', 'Longo', '5347367672304511' );
INSERT INTO Dipendenti ( CodiceFiscale, Nome, Cognome, Referente ) VALUES ( '9655897791164901', 'Sante', 'Sal', '5347367672304511' );
INSERT INTO Dipendenti ( CodiceFiscale, Nome, Cognome, Referente ) VALUES ( '8164846354125222', 'Berardo', 'Bellucci', '5347367672304511' );
INSERT INTO Dipendenti ( CodiceFiscale, Nome, Cognome, Referente ) VALUES ( '9339042240897420', 'Erminia', 'Lombardi', '5347367672304511' );
INSERT INTO Dipendenti ( CodiceFiscale, Nome, Cognome, Referente ) VALUES ( '3027006815233269', 'Celio', 'Trentino', '5347367672304511' );
INSERT INTO Dipendenti ( CodiceFiscale, Nome, Cognome, Referente ) VALUES ( '2223765222996174', 'Gerardo', 'Greece', '5347367672304511' );
INSERT INTO Dipendenti ( CodiceFiscale, Nome, Cognome, Referente ) VALUES ( '3752669038620118', 'Geraldo', 'Ferri', '5347367672304511' );
INSERT INTO Dipendenti ( CodiceFiscale, Nome, Cognome, Referente ) VALUES ( '5804801506966712', 'Dino', 'Endrizzi', '5347367672304511' );
INSERT INTO Dipendenti ( CodiceFiscale, Nome, Cognome, Referente ) VALUES ( '2679311619230526', 'Azeglio', 'Loggia', '5347367672304511' );
INSERT INTO Dipendenti ( CodiceFiscale, Nome, Cognome, Referente ) VALUES ( '3433980433518461', 'Gerardino', 'Trevisano', '5347367672304511' );
INSERT INTO Dipendenti ( CodiceFiscale, Nome, Cognome, Referente ) VALUES ( '9190321605508069', 'Arianna', 'Padovano', '5347367672304511' );
INSERT INTO Dipendenti ( CodiceFiscale, Nome, Cognome, Referente ) VALUES ( '7779897512480822', 'Melania', 'Trentini', '5347367672304511' );
INSERT INTO Dipendenti ( CodiceFiscale, Nome, Cognome, Referente ) VALUES ( '2915003288081997', 'Amerigo', 'Colombo', '5347367672304511' );
INSERT INTO LineeProduttive ( Nome, Direttore ) VALUES ( 'ProduzioneVino', '1381537753713443' );
INSERT INTO LineeProduttive ( Nome, Direttore ) VALUES ( 'Imbottigliamento', '2137239448629138' );
INSERT INTO LineeProduttive ( Nome, Direttore ) VALUES ( 'MagazzinoBianco', '5347367672304511' );
INSERT INTO LineeProduttive ( Nome, Direttore ) VALUES ( 'MagazzinoRosso', '8703935763413583' );
INSERT INTO LineeProduttive ( Nome, Direttore ) VALUES ( 'MagazzinoSpumante', '6565584349581894' );
INSERT INTO LineeProduttive ( Nome, Direttore ) VALUES ( 'MagazzinoRosato', '6337260322246448' );
INSERT INTO Vini ( Nome, GradazioneAlcolica, TempoFermentazione, StatoProduzione, Uva, Classificazione ) VALUES ( 'Cannonau', 20, 39, TRUE, 9, 'DOC' );
INSERT INTO Vini ( Nome, GradazioneAlcolica, TempoFermentazione, StatoProduzione, Uva ) VALUES ( 'Cellatica', 11, 31, FALSE, 9 );
INSERT INTO Vini ( Nome, GradazioneAlcolica, TempoFermentazione, StatoProduzione, Uva ) VALUES ( 'Corbara', 17, 35, TRUE, 13 );
INSERT INTO Vini ( Nome, GradazioneAlcolica, TempoFermentazione, StatoProduzione, Uva, Classificazione ) VALUES ( 'Correggio', 11, 32, FALSE, 19, 'DOC' );
INSERT INTO Vini ( Nome, GradazioneAlcolica, TempoFermentazione, StatoProduzione, Uva ) VALUES ( 'Garitta', 14, 38, TRUE, 6 );
INSERT INTO Vini ( Nome, GradazioneAlcolica, TempoFermentazione, StatoProduzione, Uva ) VALUES ( 'Irno', 13, 36, TRUE, 18 );
INSERT INTO Vini ( Nome, GradazioneAlcolica, TempoFermentazione, StatoProduzione, Uva ) VALUES ( 'Gutturnio', 15, 32, FALSE, 11 );
INSERT INTO Vini ( Nome, GradazioneAlcolica, TempoFermentazione, StatoProduzione, Uva, Classificazione ) VALUES ( 'Mandrolisai', 17, 37, FALSE, 7, 'DOCG' );
INSERT INTO Vini ( Nome, GradazioneAlcolica, TempoFermentazione, StatoProduzione, Uva, Classificazione ) VALUES ( 'Marsicano', 11, 35, TRUE, 12, 'IGT' );
INSERT INTO Vini ( Nome, GradazioneAlcolica, TempoFermentazione, StatoProduzione, Uva ) VALUES ( 'Lagosta', 19, 40, FALSE, 3 );
INSERT INTO Vini ( Nome, GradazioneAlcolica, TempoFermentazione, StatoProduzione, Uva, Classificazione ) VALUES ( 'Marinasco', 17, 40, TRUE, 5, 'DOCG' );
INSERT INTO Vini ( Nome, GradazioneAlcolica, TempoFermentazione, StatoProduzione, Uva ) VALUES ( 'Mascali', 15, 32, FALSE, 3 );
INSERT INTO Vini ( Nome, GradazioneAlcolica, TempoFermentazione, StatoProduzione, Uva ) VALUES ( 'Limassina', 10, 30, FALSE, 6 );
INSERT INTO Vini ( Nome, GradazioneAlcolica, TempoFermentazione, StatoProduzione, Uva ) VALUES ( 'Novaline', 16, 40, TRUE, 6 );
INSERT INTO Vini ( Nome, GradazioneAlcolica, TempoFermentazione, StatoProduzione, Uva ) VALUES ( 'Ninfeo', 12, 38, FALSE, 14 );
INSERT INTO Vini ( Nome, GradazioneAlcolica, TempoFermentazione, StatoProduzione, Uva ) VALUES ( 'Paci', 11, 40, TRUE, 18 );
INSERT INTO Vini ( Nome, GradazioneAlcolica, TempoFermentazione, StatoProduzione, Uva, Classificazione ) VALUES ( 'Palizzi', 20, 38, FALSE, 18, 'IGT' );
INSERT INTO Vini ( Nome, GradazioneAlcolica, TempoFermentazione, StatoProduzione, Uva ) VALUES ( 'Partinico', 17, 30, FALSE, 7 );
INSERT INTO Vini ( Nome, GradazioneAlcolica, TempoFermentazione, StatoProduzione, Uva ) VALUES ( 'Passito', 11, 40, TRUE, 9 );
INSERT INTO Vini ( Nome, GradazioneAlcolica, TempoFermentazione, StatoProduzione, Uva ) VALUES ( 'Nebbiolo', 11, 39, TRUE, 13 );
INSERT INTO Vini ( Nome, GradazioneAlcolica, TempoFermentazione, StatoProduzione, Uva ) VALUES ( 'Rossese', 13, 40, TRUE, 18 );
INSERT INTO Vini ( Nome, GradazioneAlcolica, TempoFermentazione, StatoProduzione, Uva, Classificazione ) VALUES ( 'Rubicchio', 12, 31, TRUE, 5, 'IGT' );
INSERT INTO Vini ( Nome, GradazioneAlcolica, TempoFermentazione, StatoProduzione, Uva ) VALUES ( 'Ruffino', 15, 36, FALSE, 18 );
INSERT INTO Vini ( Nome, GradazioneAlcolica, TempoFermentazione, StatoProduzione, Uva ) VALUES ( 'Sassella', 16, 38, TRUE, 3 );
INSERT INTO Vini ( Nome, GradazioneAlcolica, TempoFermentazione, StatoProduzione, Uva ) VALUES ( 'Scandiano', 17, 37, TRUE, 14 );
INSERT INTO Vini ( Nome, GradazioneAlcolica, TempoFermentazione, StatoProduzione, Uva ) VALUES ( 'Solichiata', 15, 38, FALSE, 11 );
INSERT INTO Vini ( Nome, GradazioneAlcolica, TempoFermentazione, StatoProduzione, Uva, Classificazione ) VALUES ( 'Terralba', 16, 32, FALSE, 12, 'DOC' );
INSERT INTO Vini ( Nome, GradazioneAlcolica, TempoFermentazione, StatoProduzione, Uva, Classificazione ) VALUES ( 'Tarantino', 14, 30, FALSE, 8, 'IGT' );
INSERT INTO Vini ( Nome, GradazioneAlcolica, TempoFermentazione, StatoProduzione, Uva ) VALUES ( 'Tiferno', 11, 39, FALSE, 4 );
INSERT INTO Vini ( Nome, GradazioneAlcolica, TempoFermentazione, StatoProduzione, Uva ) VALUES ( 'Verici', 15, 39, FALSE, 16 );
INSERT INTO Vini ( Nome, GradazioneAlcolica, TempoFermentazione, StatoProduzione, Uva ) VALUES ( 'Vezzano', 12, 34, TRUE, 17 );
INSERT INTO Vini ( Nome, GradazioneAlcolica, TempoFermentazione, StatoProduzione, Uva, Classificazione ) VALUES ( 'Zucco', 17, 32, TRUE, 10, 'DOC' );
INSERT INTO Vini ( Nome, GradazioneAlcolica, TempoFermentazione, StatoProduzione, Uva ) VALUES ( 'Vino32', 17, 36, TRUE, 12 );
INSERT INTO Vini ( Nome, GradazioneAlcolica, TempoFermentazione, StatoProduzione, Uva, Classificazione ) VALUES ( 'Verdiso', 13, 31, TRUE, 6, 'IGT' );
INSERT INTO Vini ( Nome, GradazioneAlcolica, TempoFermentazione, StatoProduzione, Uva ) VALUES ( 'Vino34', 17, 33, TRUE, 17 );
INSERT INTO Vini ( Nome, GradazioneAlcolica, TempoFermentazione, StatoProduzione, Uva, Classificazione ) VALUES ( 'Vino35', 10, 39, FALSE, 5, 'DOC' );
INSERT INTO Vini ( Nome, GradazioneAlcolica, TempoFermentazione, StatoProduzione, Uva, Classificazione ) VALUES ( 'Ussolaro', 19, 31, TRUE, 4, 'DOCG' );
INSERT INTO Vini ( Nome, GradazioneAlcolica, TempoFermentazione, StatoProduzione, Uva, Classificazione ) VALUES ( 'Tramonti', 20, 32, FALSE, 11, 'IGT' );
INSERT INTO Vini ( Nome, GradazioneAlcolica, TempoFermentazione, StatoProduzione, Uva, Classificazione ) VALUES ( 'Vino38', 13, 36, FALSE, 13, 'DOC' );
INSERT INTO Vini ( Nome, GradazioneAlcolica, TempoFermentazione, StatoProduzione, Uva ) VALUES ( 'Vino39', 15, 38, TRUE, 2 );
INSERT INTO Tappi ( Forma, Materiale, Quantita, Fornitore ) VALUES ( 'Fungo', 'Sughero', 1639, 68438593223 );
INSERT INTO Tappi ( Forma, Materiale, Quantita, Fornitore ) VALUES ( 'Rondellato', 'Sughero', 9944, 98134702039 );
INSERT INTO Tappi ( Forma, Materiale, Quantita, Fornitore ) VALUES ( 'Rondellato', 'Plastica', 4178, 50372489437 );
INSERT INTO Tappi ( Forma, Materiale, Quantita, Fornitore ) VALUES ( 'Vite', 'metallo', 4943, 80687294957 );
INSERT INTO Tappi ( Forma, Materiale, Quantita, Fornitore ) VALUES ( 'Rondellato', 'Vetro', 2897, 93192822911 );
INSERT INTO Bottiglie ( Capacita, Colore, Quantita, Fornitore ) VALUES ( 50, 'Marrone', 5655, 34213758600 );
INSERT INTO Bottiglie ( Capacita, Colore, Quantita, Fornitore ) VALUES ( 75, 'Verde', 8489, 28402852740 );
INSERT INTO Bottiglie ( Capacita, Colore, Quantita, Fornitore ) VALUES ( 33, 'Verde', 2832, 41387604801 );
INSERT INTO Bottiglie ( Capacita, Colore, Quantita, Fornitore ) VALUES ( 75, 'Marrone', 1031, 69335129569 );
INSERT INTO Bottiglie ( Capacita, Colore, Quantita, Fornitore ) VALUES ( 50, 'Verde', 6769, 64899171268 );
INSERT INTO BottiglieDiVino ( Vino, Annata, Prezzo, NumBottiglieVendute, NumBottiglieMagazzino, NumBottiglieProdotte, IdTappo, IdBottiglia, IdMagazzino ) VALUES ( 'Cannonau', 2015, 15, 844, 961, 1805, 1, 5, 4 );
INSERT INTO BottiglieDiVino ( Vino, Annata, Prezzo, NumBottiglieVendute, NumBottiglieMagazzino, NumBottiglieProdotte, IdTappo, IdBottiglia, IdMagazzino ) VALUES ( 'Cellatica', 2015, 14, 609, 453, 1062, 4, 3, 3 );
INSERT INTO BottiglieDiVino ( Vino, Annata, Prezzo, NumBottiglieVendute, NumBottiglieMagazzino, NumBottiglieProdotte, IdTappo, IdBottiglia, IdMagazzino ) VALUES ( 'Corbara', 2015, 17, 719, 368, 1087, 4, 3, 4 );
INSERT INTO BottiglieDiVino ( Vino, Annata, Prezzo, NumBottiglieVendute, NumBottiglieMagazzino, NumBottiglieProdotte, IdTappo, IdBottiglia, IdMagazzino ) VALUES ( 'Correggio', 2015, 16, 618, 336, 954, 2, 5, 2 );
INSERT INTO BottiglieDiVino ( Vino, Annata, Prezzo, NumBottiglieVendute, NumBottiglieMagazzino, NumBottiglieProdotte, IdTappo, IdBottiglia, IdMagazzino ) VALUES ( 'Garitta', 2015, 11, 637, 894, 1531, 4, 2, 4 );
INSERT INTO BottiglieDiVino ( Vino, Annata, Prezzo, NumBottiglieVendute, NumBottiglieMagazzino, NumBottiglieProdotte, IdTappo, IdBottiglia, IdMagazzino ) VALUES ( 'Irno', 2015, 20, 439, 753, 1192, 1, 2, 5 );
INSERT INTO BottiglieDiVino ( Vino, Annata, Prezzo, NumBottiglieVendute, NumBottiglieMagazzino, NumBottiglieProdotte, IdTappo, IdBottiglia, IdMagazzino ) VALUES ( 'Gutturnio', 2015, 16, 203, 765, 968, 2, 4, 1 );
INSERT INTO BottiglieDiVino ( Vino, Annata, Prezzo, NumBottiglieVendute, NumBottiglieMagazzino, NumBottiglieProdotte, IdTappo, IdBottiglia, IdMagazzino ) VALUES ( 'Mandrolisai', 2015, 18, 720, 848, 1568, 3, 5, 2 );
INSERT INTO BottiglieDiVino ( Vino, Annata, Prezzo, NumBottiglieVendute, NumBottiglieMagazzino, NumBottiglieProdotte, IdTappo, IdBottiglia, IdMagazzino ) VALUES ( 'Marsicano', 2015, 18, 3, 25, 28, 1, 1, 5 );
INSERT INTO BottiglieDiVino ( Vino, Annata, Prezzo, NumBottiglieVendute, NumBottiglieMagazzino, NumBottiglieProdotte, IdTappo, IdBottiglia, IdMagazzino ) VALUES ( 'Lagosta', 2015, 19, 544, 58, 602, 2, 5, 4 );
INSERT INTO BottiglieDiVino ( Vino, Annata, Prezzo, NumBottiglieVendute, NumBottiglieMagazzino, NumBottiglieProdotte, IdTappo, IdBottiglia, IdMagazzino ) VALUES ( 'Marinasco', 2015, 11, 418, 626, 1044, 5, 3, 4 );
INSERT INTO BottiglieDiVino ( Vino, Annata, Prezzo, NumBottiglieVendute, NumBottiglieMagazzino, NumBottiglieProdotte, IdTappo, IdBottiglia, IdMagazzino ) VALUES ( 'Mascali', 2015, 11, 39, 343, 382, 5, 4, 2 );
INSERT INTO BottiglieDiVino ( Vino, Annata, Prezzo, NumBottiglieVendute, NumBottiglieMagazzino, NumBottiglieProdotte, IdTappo, IdBottiglia, IdMagazzino ) VALUES ( 'Limassina', 2015, 14, 975, 158, 1133, 5, 1, 3 );
INSERT INTO BottiglieDiVino ( Vino, Annata, Prezzo, NumBottiglieVendute, NumBottiglieMagazzino, NumBottiglieProdotte, IdTappo, IdBottiglia, IdMagazzino ) VALUES ( 'Novaline', 2015, 20, 612, 931, 1543, 3, 2, 2 );
INSERT INTO BottiglieDiVino ( Vino, Annata, Prezzo, NumBottiglieVendute, NumBottiglieMagazzino, NumBottiglieProdotte, IdTappo, IdBottiglia, IdMagazzino ) VALUES ( 'Ninfeo', 2015, 16, 260, 650, 910, 2, 5, 2 );
INSERT INTO BottiglieDiVino ( Vino, Annata, Prezzo, NumBottiglieVendute, NumBottiglieMagazzino, NumBottiglieProdotte, IdTappo, IdBottiglia, IdMagazzino ) VALUES ( 'Paci', 2015, 11, 259, 845, 1104, 3, 3, 3 );
INSERT INTO BottiglieDiVino ( Vino, Annata, Prezzo, NumBottiglieVendute, NumBottiglieMagazzino, NumBottiglieProdotte, IdTappo, IdBottiglia, IdMagazzino ) VALUES ( 'Palizzi', 2015, 10, 550, 466, 1016, 4, 2, 3 );
INSERT INTO BottiglieDiVino ( Vino, Annata, Prezzo, NumBottiglieVendute, NumBottiglieMagazzino, NumBottiglieProdotte, IdTappo, IdBottiglia, IdMagazzino ) VALUES ( 'Partinico', 2015, 19, 45, 323, 368, 2, 4, 5 );
INSERT INTO BottiglieDiVino ( Vino, Annata, Prezzo, NumBottiglieVendute, NumBottiglieMagazzino, NumBottiglieProdotte, IdTappo, IdBottiglia, IdMagazzino ) VALUES ( 'Passito', 2015, 18, 832, 503, 1335, 2, 1, 2 );
INSERT INTO BottiglieDiVino ( Vino, Annata, Prezzo, NumBottiglieVendute, NumBottiglieMagazzino, NumBottiglieProdotte, IdTappo, IdBottiglia, IdMagazzino ) VALUES ( 'Nebbiolo', 2015, 10, 480, 767, 1247, 4, 2, 3 );
INSERT INTO BottiglieDiVino ( Vino, Annata, Prezzo, NumBottiglieVendute, NumBottiglieMagazzino, NumBottiglieProdotte, IdTappo, IdBottiglia, IdMagazzino ) VALUES ( 'Rossese', 2015, 17, 285, 669, 954, 4, 1, 3 );
INSERT INTO BottiglieDiVino ( Vino, Annata, Prezzo, NumBottiglieVendute, NumBottiglieMagazzino, NumBottiglieProdotte, IdTappo, IdBottiglia, IdMagazzino ) VALUES ( 'Rubicchio', 2015, 12, 322, 242, 564, 1, 2, 1 );
INSERT INTO BottiglieDiVino ( Vino, Annata, Prezzo, NumBottiglieVendute, NumBottiglieMagazzino, NumBottiglieProdotte, IdTappo, IdBottiglia, IdMagazzino ) VALUES ( 'Ruffino', 2015, 11, 163, 549, 712, 4, 5, 3 );
INSERT INTO BottiglieDiVino ( Vino, Annata, Prezzo, NumBottiglieVendute, NumBottiglieMagazzino, NumBottiglieProdotte, IdTappo, IdBottiglia, IdMagazzino ) VALUES ( 'Sassella', 2015, 20, 597, 139, 736, 5, 2, 2 );
INSERT INTO BottiglieDiVino ( Vino, Annata, Prezzo, NumBottiglieVendute, NumBottiglieMagazzino, NumBottiglieProdotte, IdTappo, IdBottiglia, IdMagazzino ) VALUES ( 'Scandiano', 2015, 12, 800, 891, 1691, 4, 3, 3 );
INSERT INTO BottiglieDiVino ( Vino, Annata, Prezzo, NumBottiglieVendute, NumBottiglieMagazzino, NumBottiglieProdotte, IdTappo, IdBottiglia, IdMagazzino ) VALUES ( 'Solichiata', 2015, 17, 97, 239, 336, 4, 1, 4 );
INSERT INTO BottiglieDiVino ( Vino, Annata, Prezzo, NumBottiglieVendute, NumBottiglieMagazzino, NumBottiglieProdotte, IdTappo, IdBottiglia, IdMagazzino ) VALUES ( 'Terralba', 2015, 16, 143, 312, 455, 4, 1, 1 );
INSERT INTO BottiglieDiVino ( Vino, Annata, Prezzo, NumBottiglieVendute, NumBottiglieMagazzino, NumBottiglieProdotte, IdTappo, IdBottiglia, IdMagazzino ) VALUES ( 'Tarantino', 2015, 13, 781, 873, 1654, 3, 4, 2 );
INSERT INTO BottiglieDiVino ( Vino, Annata, Prezzo, NumBottiglieVendute, NumBottiglieMagazzino, NumBottiglieProdotte, IdTappo, IdBottiglia, IdMagazzino ) VALUES ( 'Tiferno', 2015, 18, 767, 505, 1272, 4, 2, 5 );
INSERT INTO BottiglieDiVino ( Vino, Annata, Prezzo, NumBottiglieVendute, NumBottiglieMagazzino, NumBottiglieProdotte, IdTappo, IdBottiglia, IdMagazzino ) VALUES ( 'Verici', 2015, 18, 333, 27, 360, 1, 4, 1 );
INSERT INTO Vigneti ( Indirizzo ) VALUES ( 64 );
INSERT INTO Vigneti ( Indirizzo ) VALUES ( 21 );
INSERT INTO Vigneti ( Indirizzo ) VALUES ( 99 );
INSERT INTO Vigneti ( Indirizzo ) VALUES ( 30 );
INSERT INTO Vigneti ( Indirizzo ) VALUES ( 89 );
INSERT INTO Vigneti ( Indirizzo ) VALUES ( 32 );
INSERT INTO Vigneti ( Indirizzo ) VALUES ( 77 );
INSERT INTO Vigneti ( Indirizzo ) VALUES ( 33 );
INSERT INTO Vigneti ( Indirizzo ) VALUES ( 69 );
INSERT INTO Vigneti ( Indirizzo ) VALUES ( 67 );
INSERT INTO Vigneti ( Indirizzo ) VALUES ( 15 );
INSERT INTO Vigneti ( Indirizzo ) VALUES ( 17 );
INSERT INTO Vigneti ( Indirizzo ) VALUES ( 66 );
INSERT INTO Vigneti ( Indirizzo ) VALUES ( 10 );
INSERT INTO Vigneti ( Indirizzo ) VALUES ( 77 );
INSERT INTO Macchinari ( Nome, DataProssimaManutenzione, DataAcquisto, LineaProduttiva ) VALUES ( 'Macchinario0', '2020-10-10', '2002-10-11', 3 );
INSERT INTO Macchinari ( Nome, DataProssimaManutenzione, DataAcquisto, LineaProduttiva ) VALUES ( 'Macchinario1', '2020-11-24', '2003-01-26', 1 );
INSERT INTO Macchinari ( Nome, DataProssimaManutenzione, DataAcquisto, LineaProduttiva ) VALUES ( 'Macchinario2', '2021-10-13', '2010-11-27', 1 );
INSERT INTO Macchinari ( Nome, DataProssimaManutenzione, DataAcquisto, LineaProduttiva ) VALUES ( 'Macchinario3', '2021-02-05', '2007-06-11', 6 );
INSERT INTO Macchinari ( Nome, DataProssimaManutenzione, DataAcquisto, LineaProduttiva ) VALUES ( 'Macchinario4', '2020-08-07', '2010-02-25', 2 );
INSERT INTO Macchinari ( Nome, DataProssimaManutenzione, DataAcquisto, LineaProduttiva ) VALUES ( 'Macchinario5', '2021-11-14', '2007-02-17', 4 );
INSERT INTO Macchinari ( Nome, DataProssimaManutenzione, DataAcquisto, LineaProduttiva ) VALUES ( 'Macchinario6', '2020-04-15', '2007-08-16', 5 );
INSERT INTO Macchinari ( Nome, DataProssimaManutenzione, DataAcquisto, LineaProduttiva ) VALUES ( 'Macchinario7', '2021-12-02', '2007-08-05', 6 );
INSERT INTO Macchinari ( Nome, DataProssimaManutenzione, DataAcquisto, LineaProduttiva ) VALUES ( 'Macchinario8', '2020-01-21', '2006-07-20', 5 );
INSERT INTO Macchinari ( Nome, DataProssimaManutenzione, DataAcquisto, LineaProduttiva ) VALUES ( 'Macchinario9', '2020-07-20', '2001-12-16', 4 );
INSERT INTO Macchinari ( Nome, DataProssimaManutenzione, DataAcquisto, LineaProduttiva ) VALUES ( 'Macchinario10', '2021-11-26', '2005-08-19', 6 );
INSERT INTO Macchinari ( Nome, DataProssimaManutenzione, DataAcquisto, LineaProduttiva ) VALUES ( 'Macchinario11', '2020-08-02', '2007-03-11', 5 );
INSERT INTO Macchinari ( Nome, DataProssimaManutenzione, DataAcquisto, LineaProduttiva ) VALUES ( 'Macchinario12', '2021-02-15', '2007-12-22', 5 );
INSERT INTO Macchinari ( Nome, DataProssimaManutenzione, DataAcquisto, LineaProduttiva ) VALUES ( 'Macchinario13', '2021-09-22', '2004-07-27', 4 );
INSERT INTO Macchinari ( Nome, DataProssimaManutenzione, DataAcquisto, LineaProduttiva ) VALUES ( 'Macchinario14', '2020-09-09', '2000-07-24', 6 );
INSERT INTO Macchinari ( Nome, DataProssimaManutenzione, DataAcquisto, LineaProduttiva ) VALUES ( 'Macchinario15', '2020-02-28', '2004-04-14', 5 );
INSERT INTO Macchinari ( Nome, DataProssimaManutenzione, DataAcquisto, LineaProduttiva ) VALUES ( 'Macchinario16', '2020-05-27', '2001-11-18', 2 );
INSERT INTO Macchinari ( Nome, DataProssimaManutenzione, DataAcquisto, LineaProduttiva ) VALUES ( 'Macchinario17', '2021-12-14', '2010-03-15', 1 );
INSERT INTO Macchinari ( Nome, DataProssimaManutenzione, DataAcquisto, LineaProduttiva ) VALUES ( 'Macchinario18', '2020-04-08', '2001-10-25', 2 );
INSERT INTO Macchinari ( Nome, DataProssimaManutenzione, DataAcquisto, LineaProduttiva ) VALUES ( 'Macchinario19', '2021-02-22', '2009-05-01', 2 );
INSERT INTO Macchinari ( Nome, DataProssimaManutenzione, DataAcquisto, LineaProduttiva ) VALUES ( 'Macchinario20', '2021-07-22', '2009-10-05', 6 );
INSERT INTO Macchinari ( Nome, DataProssimaManutenzione, DataAcquisto, LineaProduttiva ) VALUES ( 'Macchinario21', '2020-12-19', '2006-06-11', 4 );
INSERT INTO Macchinari ( Nome, DataProssimaManutenzione, DataAcquisto, LineaProduttiva ) VALUES ( 'Macchinario22', '2020-07-15', '2003-02-06', 4 );
INSERT INTO Macchinari ( Nome, DataProssimaManutenzione, DataAcquisto, LineaProduttiva ) VALUES ( 'Macchinario23', '2021-07-04', '2002-04-26', 3 );
INSERT INTO Macchinari ( Nome, DataProssimaManutenzione, DataAcquisto, LineaProduttiva ) VALUES ( 'Macchinario24', '2020-03-27', '2002-10-21', 2 );
INSERT INTO Macchinari ( Nome, DataProssimaManutenzione, DataAcquisto, LineaProduttiva ) VALUES ( 'Macchinario25', '2020-07-27', '2001-02-14', 3 );
INSERT INTO Macchinari ( Nome, DataProssimaManutenzione, DataAcquisto, LineaProduttiva ) VALUES ( 'Macchinario26', '2020-10-12', '2009-03-14', 2 );
INSERT INTO Macchinari ( Nome, DataProssimaManutenzione, DataAcquisto, LineaProduttiva ) VALUES ( 'Macchinario27', '2021-02-13', '2009-04-18', 6 );
INSERT INTO Macchinari ( Nome, DataProssimaManutenzione, DataAcquisto, LineaProduttiva ) VALUES ( 'Macchinario28', '2020-03-12', '2007-11-10', 3 );
INSERT INTO Macchinari ( Nome, DataProssimaManutenzione, DataAcquisto, LineaProduttiva ) VALUES ( 'Macchinario29', '2020-01-14', '2005-05-07', 4 );
INSERT INTO Manutenzioni ( Macchinario, Azienda, Costo, Data ) VALUES ( 1, 60166872648, 613, '2018-08-07' );
INSERT INTO Manutenzioni ( Macchinario, Azienda, Costo, Data ) VALUES ( 1, 60166872648, 613, '2017-12-16' );
INSERT INTO Manutenzioni ( Macchinario, Azienda, Costo, Data ) VALUES ( 2, 57920166297, 539, '2018-04-12' );
INSERT INTO Manutenzioni ( Macchinario, Azienda, Costo, Data ) VALUES ( 2, 57920166297, 539, '2017-08-02' );
INSERT INTO Manutenzioni ( Macchinario, Azienda, Costo, Data ) VALUES ( 3, 93154400832, 596, '2018-08-24' );
INSERT INTO Manutenzioni ( Macchinario, Azienda, Costo, Data ) VALUES ( 3, 93154400832, 596, '2017-03-12' );
INSERT INTO Manutenzioni ( Macchinario, Azienda, Costo, Data ) VALUES ( 4, 66887761439, 699, '2018-05-02' );
INSERT INTO Manutenzioni ( Macchinario, Azienda, Costo, Data ) VALUES ( 4, 66887761439, 699, '2017-11-09' );
INSERT INTO Manutenzioni ( Macchinario, Azienda, Costo, Data ) VALUES ( 5, 35580963355, 575, '2018-12-26' );
INSERT INTO Manutenzioni ( Macchinario, Azienda, Costo, Data ) VALUES ( 5, 35580963355, 575, '2017-06-06' );
INSERT INTO Manutenzioni ( Macchinario, Azienda, Costo, Data ) VALUES ( 6, 23014284219, 699, '2018-06-27' );
INSERT INTO Manutenzioni ( Macchinario, Azienda, Costo, Data ) VALUES ( 6, 23014284219, 699, '2017-11-19' );
INSERT INTO Manutenzioni ( Macchinario, Azienda, Costo, Data ) VALUES ( 7, 80865928944, 623, '2018-05-07' );
INSERT INTO Manutenzioni ( Macchinario, Azienda, Costo, Data ) VALUES ( 7, 80865928944, 623, '2017-03-01' );
INSERT INTO Manutenzioni ( Macchinario, Azienda, Costo, Data ) VALUES ( 8, 22288789915, 622, '2018-02-19' );
INSERT INTO Manutenzioni ( Macchinario, Azienda, Costo, Data ) VALUES ( 8, 22288789915, 622, '2017-02-01' );
INSERT INTO Manutenzioni ( Macchinario, Azienda, Costo, Data ) VALUES ( 9, 34090372115, 617, '2018-09-04' );
INSERT INTO Manutenzioni ( Macchinario, Azienda, Costo, Data ) VALUES ( 9, 34090372115, 617, '2017-04-28' );
INSERT INTO Manutenzioni ( Macchinario, Azienda, Costo, Data ) VALUES ( 10, 88070544187, 698, '2018-10-24' );
INSERT INTO Manutenzioni ( Macchinario, Azienda, Costo, Data ) VALUES ( 10, 88070544187, 698, '2017-09-14' );
INSERT INTO Manutenzioni ( Macchinario, Azienda, Costo, Data ) VALUES ( 11, 29157536269, 693, '2018-02-07' );
INSERT INTO Manutenzioni ( Macchinario, Azienda, Costo, Data ) VALUES ( 11, 29157536269, 693, '2017-04-09' );
INSERT INTO Manutenzioni ( Macchinario, Azienda, Costo, Data ) VALUES ( 12, 34090372115, 573, '2018-12-18' );
INSERT INTO Manutenzioni ( Macchinario, Azienda, Costo, Data ) VALUES ( 12, 34090372115, 573, '2017-05-02' );
INSERT INTO Manutenzioni ( Macchinario, Azienda, Costo, Data ) VALUES ( 13, 82429726777, 678, '2018-03-07' );
INSERT INTO Manutenzioni ( Macchinario, Azienda, Costo, Data ) VALUES ( 13, 82429726777, 678, '2017-04-19' );
INSERT INTO Manutenzioni ( Macchinario, Azienda, Costo, Data ) VALUES ( 14, 47311443946, 687, '2018-07-09' );
INSERT INTO Manutenzioni ( Macchinario, Azienda, Costo, Data ) VALUES ( 14, 47311443946, 687, '2017-03-25' );
INSERT INTO Manutenzioni ( Macchinario, Azienda, Costo, Data ) VALUES ( 15, 34213758600, 613, '2018-05-19' );
INSERT INTO Manutenzioni ( Macchinario, Azienda, Costo, Data ) VALUES ( 15, 34213758600, 613, '2017-03-21' );
INSERT INTO Manutenzioni ( Macchinario, Azienda, Costo, Data ) VALUES ( 16, 69335129569, 674, '2018-03-12' );
INSERT INTO Manutenzioni ( Macchinario, Azienda, Costo, Data ) VALUES ( 16, 69335129569, 674, '2017-11-14' );
INSERT INTO Manutenzioni ( Macchinario, Azienda, Costo, Data ) VALUES ( 17, 63457627793, 629, '2018-12-17' );
INSERT INTO Manutenzioni ( Macchinario, Azienda, Costo, Data ) VALUES ( 17, 63457627793, 629, '2017-04-16' );
INSERT INTO Manutenzioni ( Macchinario, Azienda, Costo, Data ) VALUES ( 18, 35580963355, 569, '2018-10-27' );
INSERT INTO Manutenzioni ( Macchinario, Azienda, Costo, Data ) VALUES ( 18, 35580963355, 569, '2017-05-15' );
INSERT INTO Manutenzioni ( Macchinario, Azienda, Costo, Data ) VALUES ( 19, 93154400832, 690, '2018-06-11' );
INSERT INTO Manutenzioni ( Macchinario, Azienda, Costo, Data ) VALUES ( 19, 93154400832, 690, '2017-10-28' );
INSERT INTO Manutenzioni ( Macchinario, Azienda, Costo, Data ) VALUES ( 20, 84067678658, 640, '2018-09-13' );
INSERT INTO Manutenzioni ( Macchinario, Azienda, Costo, Data ) VALUES ( 20, 84067678658, 640, '2017-09-27' );
INSERT INTO Manutenzioni ( Macchinario, Azienda, Costo, Data ) VALUES ( 21, 98134702039, 656, '2018-02-05' );
INSERT INTO Manutenzioni ( Macchinario, Azienda, Costo, Data ) VALUES ( 21, 98134702039, 656, '2017-12-14' );
INSERT INTO Manutenzioni ( Macchinario, Azienda, Costo, Data ) VALUES ( 22, 80687294957, 542, '2018-06-02' );
INSERT INTO Manutenzioni ( Macchinario, Azienda, Costo, Data ) VALUES ( 22, 80687294957, 542, '2017-05-02' );
INSERT INTO Manutenzioni ( Macchinario, Azienda, Costo, Data ) VALUES ( 23, 80865928944, 550, '2018-11-04' );
INSERT INTO Manutenzioni ( Macchinario, Azienda, Costo, Data ) VALUES ( 23, 80865928944, 550, '2017-01-19' );
INSERT INTO Manutenzioni ( Macchinario, Azienda, Costo, Data ) VALUES ( 24, 80865928944, 648, '2018-02-14' );
INSERT INTO Manutenzioni ( Macchinario, Azienda, Costo, Data ) VALUES ( 24, 80865928944, 648, '2017-12-08' );
INSERT INTO Manutenzioni ( Macchinario, Azienda, Costo, Data ) VALUES ( 25, 43387584918, 506, '2018-10-17' );
INSERT INTO Manutenzioni ( Macchinario, Azienda, Costo, Data ) VALUES ( 25, 43387584918, 506, '2017-12-17' );
INSERT INTO Manutenzioni ( Macchinario, Azienda, Costo, Data ) VALUES ( 26, 82429726777, 640, '2018-04-05' );
INSERT INTO Manutenzioni ( Macchinario, Azienda, Costo, Data ) VALUES ( 26, 82429726777, 640, '2017-09-26' );
INSERT INTO Manutenzioni ( Macchinario, Azienda, Costo, Data ) VALUES ( 27, 82429726777, 508, '2018-04-10' );
INSERT INTO Manutenzioni ( Macchinario, Azienda, Costo, Data ) VALUES ( 27, 82429726777, 508, '2017-08-16' );
INSERT INTO Manutenzioni ( Macchinario, Azienda, Costo, Data ) VALUES ( 28, 80865928944, 612, '2018-09-11' );
INSERT INTO Manutenzioni ( Macchinario, Azienda, Costo, Data ) VALUES ( 28, 80865928944, 612, '2017-06-22' );
INSERT INTO Manutenzioni ( Macchinario, Azienda, Costo, Data ) VALUES ( 29, 75282938291, 632, '2018-10-12' );
INSERT INTO Manutenzioni ( Macchinario, Azienda, Costo, Data ) VALUES ( 29, 75282938291, 632, '2017-01-10' );
INSERT INTO Manutenzioni ( Macchinario, Azienda, Costo, Data ) VALUES ( 30, 77167580326, 558, '2018-07-12' );
INSERT INTO Manutenzioni ( Macchinario, Azienda, Costo, Data ) VALUES ( 30, 77167580326, 558, '2017-03-06' );
INSERT INTO Turni ( Dipendente, InizioTurno, FineTurno, LineaProduttiva ) VALUES ( 1013434220619035, '2019-10-20 12:30:24', '2019-10-20 21:31:04', 6 );
INSERT INTO Turni ( Dipendente, InizioTurno, FineTurno, LineaProduttiva ) VALUES ( 1960374235792456, '2019-10-20 12:38:38', '2019-10-20 21:46:20', 3 );
INSERT INTO Turni ( Dipendente, InizioTurno, FineTurno, LineaProduttiva ) VALUES ( 2223765222996174, '2019-10-20 12:02:16', '2019-10-20 21:05:53', 6 );
INSERT INTO Turni ( Dipendente, InizioTurno, FineTurno, LineaProduttiva ) VALUES ( 2276852400932009, '2019-10-20 12:15:24', '2019-10-20 21:00:10', 6 );
INSERT INTO Turni ( Dipendente, InizioTurno, FineTurno, LineaProduttiva ) VALUES ( 2317633520051872, '2019-10-20 12:52:01', '2019-10-20 21:50:56', 6 );
INSERT INTO Turni ( Dipendente, InizioTurno, FineTurno, LineaProduttiva ) VALUES ( 2455319125488814, '2019-10-20 12:27:45', '2019-10-20 21:37:37', 4 );
INSERT INTO Turni ( Dipendente, InizioTurno, FineTurno, LineaProduttiva ) VALUES ( 2485106861310395, '2019-10-20 12:24:11', '2019-10-20 21:25:23', 3 );
INSERT INTO Turni ( Dipendente, InizioTurno, FineTurno, LineaProduttiva ) VALUES ( 2487732140018372, '2019-10-20 12:21:00', '2019-10-20 21:57:52', 1 );
INSERT INTO Turni ( Dipendente, InizioTurno, FineTurno, LineaProduttiva ) VALUES ( 2753973761830893, '2019-10-20 12:58:47', '2019-10-20 21:07:26', 3 );
INSERT INTO Turni ( Dipendente, InizioTurno, FineTurno, LineaProduttiva ) VALUES ( 2915003288081997, '2019-10-20 12:32:02', '2019-10-20 21:07:51', 2 );
INSERT INTO Turni ( Dipendente, InizioTurno, FineTurno, LineaProduttiva ) VALUES ( 3027006815233269, '2019-10-20 06:01:54', '2019-10-20 15:31:23', 5 );
INSERT INTO Turni ( Dipendente, InizioTurno, FineTurno, LineaProduttiva ) VALUES ( 3120907610315308, '2019-10-20 06:51:56', '2019-10-20 15:25:02', 3 );
INSERT INTO Turni ( Dipendente, InizioTurno, FineTurno, LineaProduttiva ) VALUES ( 3338525794980959, '2019-10-20 06:55:01', '2019-10-20 15:12:26', 6 );
INSERT INTO Turni ( Dipendente, InizioTurno, FineTurno, LineaProduttiva ) VALUES ( 3433980433518461, '2019-10-20 06:15:07', '2019-10-20 15:37:23', 3 );
INSERT INTO Turni ( Dipendente, InizioTurno, FineTurno, LineaProduttiva ) VALUES ( 3636454043099290, '2019-10-20 12:15:54', '2019-10-20 21:06:05', 4 );
INSERT INTO Turni ( Dipendente, InizioTurno, FineTurno, LineaProduttiva ) VALUES ( 3993916252502469, '2019-10-20 12:41:03', '2019-10-20 21:54:09', 4 );
INSERT INTO Turni ( Dipendente, InizioTurno, FineTurno, LineaProduttiva ) VALUES ( 4139389581288432, '2019-10-20 12:36:07', '2019-10-20 21:09:23', 3 );
INSERT INTO Turni ( Dipendente, InizioTurno, FineTurno, LineaProduttiva ) VALUES ( 4218661661290687, '2019-10-20 06:37:56', '2019-10-20 15:22:03', 1 );
INSERT INTO Turni ( Dipendente, InizioTurno, FineTurno, LineaProduttiva ) VALUES ( 4230396305753748, '2019-10-20 12:53:48', '2019-10-20 21:27:55', 6 );
INSERT INTO Turni ( Dipendente, InizioTurno, FineTurno, LineaProduttiva ) VALUES ( 4403702588022043, '2019-10-20 06:22:01', '2019-10-20 15:21:01', 2 );
INSERT INTO Turni ( Dipendente, InizioTurno, FineTurno, LineaProduttiva ) VALUES ( 4511427461055965, '2019-10-20 12:02:04', '2019-10-20 21:22:36', 4 );
INSERT INTO Turni ( Dipendente, InizioTurno, FineTurno, LineaProduttiva ) VALUES ( 4741213049682931, '2019-10-20 12:58:10', '2019-10-20 21:53:29', 5 );
INSERT INTO Turni ( Dipendente, InizioTurno, FineTurno, LineaProduttiva ) VALUES ( 4803724411531419, '2019-10-20 06:25:26', '2019-10-20 15:48:40', 1 );
INSERT INTO Turni ( Dipendente, InizioTurno, FineTurno, LineaProduttiva ) VALUES ( 4852638948317467, '2019-10-20 12:27:22', '2019-10-20 21:17:10', 2 );
INSERT INTO Turni ( Dipendente, InizioTurno, FineTurno, LineaProduttiva ) VALUES ( 4999913052769009, '2019-10-20 12:59:51', '2019-10-20 21:01:34', 2 );
INSERT INTO Turni ( Dipendente, InizioTurno, FineTurno, LineaProduttiva ) VALUES ( 5347367672304511, '2019-10-20 06:16:58', '2019-10-20 15:56:06', 3 );
INSERT INTO Turni ( Dipendente, InizioTurno, FineTurno, LineaProduttiva ) VALUES ( 5369178801082115, '2019-10-20 06:04:23', '2019-10-20 15:54:39', 6 );
INSERT INTO Turni ( Dipendente, InizioTurno, FineTurno, LineaProduttiva ) VALUES ( 5415702359117925, '2019-10-20 12:57:10', '2019-10-20 21:24:38', 3 );
INSERT INTO Turni ( Dipendente, InizioTurno, FineTurno, LineaProduttiva ) VALUES ( 5469651034458670, '2019-10-20 06:00:29', '2019-10-20 15:12:04', 6 );
INSERT INTO Turni ( Dipendente, InizioTurno, FineTurno, LineaProduttiva ) VALUES ( 5568020893250070, '2019-10-20 06:43:32', '2019-10-20 15:57:00', 6 );
INSERT INTO Turni ( Dipendente, InizioTurno, FineTurno, LineaProduttiva ) VALUES ( 5804801506966712, '2019-10-20 12:48:27', '2019-10-20 21:03:17', 3 );
INSERT INTO Turni ( Dipendente, InizioTurno, FineTurno, LineaProduttiva ) VALUES ( 6192422535429477, '2019-10-20 06:46:58', '2019-10-20 15:22:55', 4 );
INSERT INTO Turni ( Dipendente, InizioTurno, FineTurno, LineaProduttiva ) VALUES ( 6310865063405342, '2019-10-20 06:24:56', '2019-10-20 15:11:32', 2 );
INSERT INTO Turni ( Dipendente, InizioTurno, FineTurno, LineaProduttiva ) VALUES ( 6337260322246448, '2019-10-20 06:41:52', '2019-10-20 15:41:32', 5 );
INSERT INTO Turni ( Dipendente, InizioTurno, FineTurno, LineaProduttiva ) VALUES ( 6565584349581894, '2019-10-20 12:41:11', '2019-10-20 21:09:16', 6 );
INSERT INTO Turni ( Dipendente, InizioTurno, FineTurno, LineaProduttiva ) VALUES ( 7262172596441694, '2019-10-20 06:32:12', '2019-10-20 15:14:49', 3 );
INSERT INTO Turni ( Dipendente, InizioTurno, FineTurno, LineaProduttiva ) VALUES ( 7425501400753756, '2019-10-20 12:52:44', '2019-10-20 21:00:12', 3 );
INSERT INTO Turni ( Dipendente, InizioTurno, FineTurno, LineaProduttiva ) VALUES ( 7524614508723081, '2019-10-20 12:18:57', '2019-10-20 21:00:04', 2 );
INSERT INTO Turni ( Dipendente, InizioTurno, FineTurno, LineaProduttiva ) VALUES ( 8148721728497327, '2019-10-20 12:08:59', '2019-10-20 21:03:50', 5 );
INSERT INTO Turni ( Dipendente, InizioTurno, FineTurno, LineaProduttiva ) VALUES ( 8164846354125222, '2019-10-20 12:18:30', '2019-10-20 21:53:32', 5 );
INSERT INTO Turni ( Dipendente, InizioTurno, FineTurno, LineaProduttiva ) VALUES ( 8244424488008854, '2019-10-20 12:22:27', '2019-10-20 21:34:02', 1 );
INSERT INTO Turni ( Dipendente, InizioTurno, FineTurno, LineaProduttiva ) VALUES ( 8486061080774805, '2019-10-20 12:11:16', '2019-10-20 21:31:09', 3 );
INSERT INTO Turni ( Dipendente, InizioTurno, FineTurno, LineaProduttiva ) VALUES ( 8530156167317144, '2019-10-20 12:52:53', '2019-10-20 21:19:40', 3 );
INSERT INTO Turni ( Dipendente, InizioTurno, FineTurno, LineaProduttiva ) VALUES ( 8601041431529522, '2019-10-20 12:30:25', '2019-10-20 21:03:52', 5 );
INSERT INTO Turni ( Dipendente, InizioTurno, FineTurno, LineaProduttiva ) VALUES ( 8703935763413583, '2019-10-20 12:12:44', '2019-10-20 21:42:52', 4 );
INSERT INTO Turni ( Dipendente, InizioTurno, FineTurno, LineaProduttiva ) VALUES ( 8791626944576787, '2019-10-20 12:54:10', '2019-10-20 21:34:15', 4 );
INSERT INTO Turni ( Dipendente, InizioTurno, FineTurno, LineaProduttiva ) VALUES ( 9202278899672787, '2019-10-20 12:18:45', '2019-10-20 21:10:57', 2 );
INSERT INTO Turni ( Dipendente, InizioTurno, FineTurno, LineaProduttiva ) VALUES ( 9339042240897420, '2019-10-20 12:25:30', '2019-10-20 21:20:50', 6 );
INSERT INTO Turni ( Dipendente, InizioTurno, FineTurno, LineaProduttiva ) VALUES ( 9352529591790993, '2019-10-20 06:35:55', '2019-10-20 15:42:48', 3 );
INSERT INTO Turni ( Dipendente, InizioTurno, FineTurno, LineaProduttiva ) VALUES ( 9655897791164901, '2019-10-20 12:55:45', '2019-10-20 21:29:13', 5 );
INSERT INTO Turni ( Dipendente, InizioTurno, FineTurno, LineaProduttiva ) VALUES ( 1013434220619035, '2019-10-21 06:54:51', '2019-10-21 15:16:17', 2 );
INSERT INTO Turni ( Dipendente, InizioTurno, FineTurno, LineaProduttiva ) VALUES ( 2293965865210543, '2019-10-21 06:29:27', '2019-10-21 15:44:54', 5 );
INSERT INTO Turni ( Dipendente, InizioTurno, FineTurno, LineaProduttiva ) VALUES ( 2317633520051872, '2019-10-21 12:36:48', '2019-10-21 21:57:15', 5 );
INSERT INTO Turni ( Dipendente, InizioTurno, FineTurno, LineaProduttiva ) VALUES ( 2455319125488814, '2019-10-21 12:53:50', '2019-10-21 21:22:05', 4 );
INSERT INTO Turni ( Dipendente, InizioTurno, FineTurno, LineaProduttiva ) VALUES ( 2480438817420409, '2019-10-21 06:47:44', '2019-10-21 15:34:04', 6 );
INSERT INTO Turni ( Dipendente, InizioTurno, FineTurno, LineaProduttiva ) VALUES ( 2753973761830893, '2019-10-21 12:57:52', '2019-10-21 21:08:44', 6 );
INSERT INTO Turni ( Dipendente, InizioTurno, FineTurno, LineaProduttiva ) VALUES ( 2891604629252377, '2019-10-21 06:16:32', '2019-10-21 15:44:49', 3 );
INSERT INTO Turni ( Dipendente, InizioTurno, FineTurno, LineaProduttiva ) VALUES ( 2915003288081997, '2019-10-21 06:43:52', '2019-10-21 15:45:45', 5 );
INSERT INTO Turni ( Dipendente, InizioTurno, FineTurno, LineaProduttiva ) VALUES ( 3120907610315308, '2019-10-21 06:36:06', '2019-10-21 15:54:19', 5 );
INSERT INTO Turni ( Dipendente, InizioTurno, FineTurno, LineaProduttiva ) VALUES ( 3433980433518461, '2019-10-21 12:06:38', '2019-10-21 21:32:07', 3 );
INSERT INTO Turni ( Dipendente, InizioTurno, FineTurno, LineaProduttiva ) VALUES ( 3448486193165981, '2019-10-21 12:25:13', '2019-10-21 21:35:44', 1 );
INSERT INTO Turni ( Dipendente, InizioTurno, FineTurno, LineaProduttiva ) VALUES ( 3636454043099290, '2019-10-21 06:52:37', '2019-10-21 15:05:18', 6 );
INSERT INTO Turni ( Dipendente, InizioTurno, FineTurno, LineaProduttiva ) VALUES ( 3774025139063718, '2019-10-21 06:24:42', '2019-10-21 15:51:21', 4 );
INSERT INTO Turni ( Dipendente, InizioTurno, FineTurno, LineaProduttiva ) VALUES ( 4150190736140990, '2019-10-21 12:43:57', '2019-10-21 21:26:51', 3 );
INSERT INTO Turni ( Dipendente, InizioTurno, FineTurno, LineaProduttiva ) VALUES ( 4218661661290687, '2019-10-21 12:44:22', '2019-10-21 21:29:30', 2 );
INSERT INTO Turni ( Dipendente, InizioTurno, FineTurno, LineaProduttiva ) VALUES ( 4230396305753748, '2019-10-21 12:20:21', '2019-10-21 21:05:42', 4 );
INSERT INTO Turni ( Dipendente, InizioTurno, FineTurno, LineaProduttiva ) VALUES ( 4396104097665407, '2019-10-21 12:07:33', '2019-10-21 21:46:04', 3 );
INSERT INTO Turni ( Dipendente, InizioTurno, FineTurno, LineaProduttiva ) VALUES ( 4396424888016696, '2019-10-21 12:24:16', '2019-10-21 21:39:55', 1 );
INSERT INTO Turni ( Dipendente, InizioTurno, FineTurno, LineaProduttiva ) VALUES ( 4567329622339251, '2019-10-21 06:21:07', '2019-10-21 15:19:10', 1 );
INSERT INTO Turni ( Dipendente, InizioTurno, FineTurno, LineaProduttiva ) VALUES ( 4608141143774318, '2019-10-21 06:52:53', '2019-10-21 15:32:53', 6 );
INSERT INTO Turni ( Dipendente, InizioTurno, FineTurno, LineaProduttiva ) VALUES ( 4741213049682931, '2019-10-21 06:11:04', '2019-10-21 15:49:35', 3 );
INSERT INTO Turni ( Dipendente, InizioTurno, FineTurno, LineaProduttiva ) VALUES ( 4803724411531419, '2019-10-21 06:40:50', '2019-10-21 15:22:16', 5 );
INSERT INTO Turni ( Dipendente, InizioTurno, FineTurno, LineaProduttiva ) VALUES ( 4868689557394904, '2019-10-21 06:30:55', '2019-10-21 15:35:04', 1 );
INSERT INTO Turni ( Dipendente, InizioTurno, FineTurno, LineaProduttiva ) VALUES ( 5369178801082115, '2019-10-21 06:42:47', '2019-10-21 15:43:52', 2 );
INSERT INTO Turni ( Dipendente, InizioTurno, FineTurno, LineaProduttiva ) VALUES ( 5415702359117925, '2019-10-21 06:51:19', '2019-10-21 15:51:53', 1 );
INSERT INTO Turni ( Dipendente, InizioTurno, FineTurno, LineaProduttiva ) VALUES ( 5469651034458670, '2019-10-21 06:42:31', '2019-10-21 15:16:56', 4 );
INSERT INTO Turni ( Dipendente, InizioTurno, FineTurno, LineaProduttiva ) VALUES ( 5568020893250070, '2019-10-21 06:08:01', '2019-10-21 15:46:29', 3 );
INSERT INTO Turni ( Dipendente, InizioTurno, FineTurno, LineaProduttiva ) VALUES ( 5673383480806896, '2019-10-21 12:38:53', '2019-10-21 21:05:57', 2 );
INSERT INTO Turni ( Dipendente, InizioTurno, FineTurno, LineaProduttiva ) VALUES ( 5720827150719192, '2019-10-21 12:15:34', '2019-10-21 21:07:43', 2 );
INSERT INTO Turni ( Dipendente, InizioTurno, FineTurno, LineaProduttiva ) VALUES ( 5728908152392130, '2019-10-21 12:51:22', '2019-10-21 21:57:43', 1 );
INSERT INTO Turni ( Dipendente, InizioTurno, FineTurno, LineaProduttiva ) VALUES ( 5804801506966712, '2019-10-21 06:37:54', '2019-10-21 15:11:04', 3 );
INSERT INTO Turni ( Dipendente, InizioTurno, FineTurno, LineaProduttiva ) VALUES ( 6114614869090860, '2019-10-21 12:51:52', '2019-10-21 21:32:48', 4 );
INSERT INTO Turni ( Dipendente, InizioTurno, FineTurno, LineaProduttiva ) VALUES ( 6192422535429477, '2019-10-21 12:07:12', '2019-10-21 21:01:12', 3 );
INSERT INTO Turni ( Dipendente, InizioTurno, FineTurno, LineaProduttiva ) VALUES ( 6239588849645286, '2019-10-21 06:25:28', '2019-10-21 15:02:38', 6 );
INSERT INTO Turni ( Dipendente, InizioTurno, FineTurno, LineaProduttiva ) VALUES ( 6337260322246448, '2019-10-21 12:57:56', '2019-10-21 21:13:15', 4 );
INSERT INTO Turni ( Dipendente, InizioTurno, FineTurno, LineaProduttiva ) VALUES ( 6863430699839482, '2019-10-21 06:39:32', '2019-10-21 15:58:19', 1 );
INSERT INTO Turni ( Dipendente, InizioTurno, FineTurno, LineaProduttiva ) VALUES ( 6946084288859162, '2019-10-21 12:02:38', '2019-10-21 21:30:12', 1 );
INSERT INTO Turni ( Dipendente, InizioTurno, FineTurno, LineaProduttiva ) VALUES ( 6976314212807459, '2019-10-21 06:59:42', '2019-10-21 15:57:16', 4 );
INSERT INTO Turni ( Dipendente, InizioTurno, FineTurno, LineaProduttiva ) VALUES ( 7262172596441694, '2019-10-21 06:51:50', '2019-10-21 15:25:13', 5 );
INSERT INTO Turni ( Dipendente, InizioTurno, FineTurno, LineaProduttiva ) VALUES ( 7425501400753756, '2019-10-21 12:00:38', '2019-10-21 21:39:37', 1 );
INSERT INTO Turni ( Dipendente, InizioTurno, FineTurno, LineaProduttiva ) VALUES ( 7575432453216282, '2019-10-21 12:38:27', '2019-10-21 21:19:58', 5 );
INSERT INTO Turni ( Dipendente, InizioTurno, FineTurno, LineaProduttiva ) VALUES ( 7779897512480822, '2019-10-21 12:55:08', '2019-10-21 21:30:54', 6 );
INSERT INTO Turni ( Dipendente, InizioTurno, FineTurno, LineaProduttiva ) VALUES ( 8148721728497327, '2019-10-21 12:22:43', '2019-10-21 21:55:00', 2 );
INSERT INTO Turni ( Dipendente, InizioTurno, FineTurno, LineaProduttiva ) VALUES ( 8294188648960155, '2019-10-21 06:26:29', '2019-10-21 15:00:22', 4 );
INSERT INTO Turni ( Dipendente, InizioTurno, FineTurno, LineaProduttiva ) VALUES ( 8308600785993792, '2019-10-21 12:30:15', '2019-10-21 21:21:30', 3 );
INSERT INTO Turni ( Dipendente, InizioTurno, FineTurno, LineaProduttiva ) VALUES ( 8486061080774805, '2019-10-21 12:20:31', '2019-10-21 21:36:02', 5 );
INSERT INTO Turni ( Dipendente, InizioTurno, FineTurno, LineaProduttiva ) VALUES ( 8601041431529522, '2019-10-21 06:33:21', '2019-10-21 15:48:43', 2 );
INSERT INTO Turni ( Dipendente, InizioTurno, FineTurno, LineaProduttiva ) VALUES ( 8763554918715981, '2019-10-21 12:27:51', '2019-10-21 21:11:11', 5 );
INSERT INTO Turni ( Dipendente, InizioTurno, FineTurno, LineaProduttiva ) VALUES ( 8791626944576787, '2019-10-21 06:16:13', '2019-10-21 15:17:37', 1 );
INSERT INTO Turni ( Dipendente, InizioTurno, FineTurno, LineaProduttiva ) VALUES ( 9339042240897420, '2019-10-21 12:23:04', '2019-10-21 21:34:16', 1 );
INSERT INTO Turni ( Dipendente, InizioTurno, FineTurno, LineaProduttiva ) VALUES ( 9352529591790993, '2019-10-21 12:40:01', '2019-10-21 21:57:52', 3 );
INSERT INTO Turni ( Dipendente, InizioTurno, FineTurno, LineaProduttiva ) VALUES ( 9899796553218757, '2019-10-21 12:59:08', '2019-10-21 21:24:53', 3 );
INSERT INTO Turni ( Dipendente, InizioTurno, FineTurno, LineaProduttiva ) VALUES ( 9994832010206615, '2019-10-21 06:42:33', '2019-10-21 15:57:58', 4 );
INSERT INTO Turni ( Dipendente, InizioTurno, FineTurno, LineaProduttiva ) VALUES ( 2077727937224817, '2019-10-22 12:50:26', '2019-10-22 21:39:57', 3 );
INSERT INTO Turni ( Dipendente, InizioTurno, FineTurno, LineaProduttiva ) VALUES ( 2137239448629138, '2019-10-22 06:33:47', '2019-10-22 15:25:46', 3 );
INSERT INTO Turni ( Dipendente, InizioTurno, FineTurno, LineaProduttiva ) VALUES ( 2293965865210543, '2019-10-22 12:51:44', '2019-10-22 21:35:03', 3 );
INSERT INTO Turni ( Dipendente, InizioTurno, FineTurno, LineaProduttiva ) VALUES ( 2328223935673762, '2019-10-22 06:16:52', '2019-10-22 15:03:00', 4 );
INSERT INTO Turni ( Dipendente, InizioTurno, FineTurno, LineaProduttiva ) VALUES ( 2485106861310395, '2019-10-22 12:05:39', '2019-10-22 21:55:03', 6 );
INSERT INTO Turni ( Dipendente, InizioTurno, FineTurno, LineaProduttiva ) VALUES ( 2679311619230526, '2019-10-22 06:37:38', '2019-10-22 15:43:28', 3 );
INSERT INTO Turni ( Dipendente, InizioTurno, FineTurno, LineaProduttiva ) VALUES ( 2753973761830893, '2019-10-22 06:17:20', '2019-10-22 15:50:51', 4 );
INSERT INTO Turni ( Dipendente, InizioTurno, FineTurno, LineaProduttiva ) VALUES ( 3245695612629995, '2019-10-22 12:39:12', '2019-10-22 21:54:02', 6 );
INSERT INTO Turni ( Dipendente, InizioTurno, FineTurno, LineaProduttiva ) VALUES ( 3338525794980959, '2019-10-22 06:40:36', '2019-10-22 15:01:53', 3 );
INSERT INTO Turni ( Dipendente, InizioTurno, FineTurno, LineaProduttiva ) VALUES ( 3752669038620118, '2019-10-22 06:53:40', '2019-10-22 15:44:16', 4 );
INSERT INTO Turni ( Dipendente, InizioTurno, FineTurno, LineaProduttiva ) VALUES ( 4218661661290687, '2019-10-22 06:34:31', '2019-10-22 15:58:40', 4 );
INSERT INTO Turni ( Dipendente, InizioTurno, FineTurno, LineaProduttiva ) VALUES ( 4230396305753748, '2019-10-22 06:45:29', '2019-10-22 15:07:49', 5 );
INSERT INTO Turni ( Dipendente, InizioTurno, FineTurno, LineaProduttiva ) VALUES ( 4396104097665407, '2019-10-22 06:06:11', '2019-10-22 15:14:40', 2 );
INSERT INTO Turni ( Dipendente, InizioTurno, FineTurno, LineaProduttiva ) VALUES ( 4403702588022043, '2019-10-22 12:26:25', '2019-10-22 21:04:45', 4 );
INSERT INTO Turni ( Dipendente, InizioTurno, FineTurno, LineaProduttiva ) VALUES ( 4697477669615590, '2019-10-22 06:57:12', '2019-10-22 15:24:39', 5 );
INSERT INTO Turni ( Dipendente, InizioTurno, FineTurno, LineaProduttiva ) VALUES ( 4868689557394904, '2019-10-22 06:08:38', '2019-10-22 15:45:33', 3 );
INSERT INTO Turni ( Dipendente, InizioTurno, FineTurno, LineaProduttiva ) VALUES ( 4999913052769009, '2019-10-22 06:51:27', '2019-10-22 15:07:21', 5 );
INSERT INTO Turni ( Dipendente, InizioTurno, FineTurno, LineaProduttiva ) VALUES ( 5196056974546384, '2019-10-22 06:55:38', '2019-10-22 15:14:15', 2 );
INSERT INTO Turni ( Dipendente, InizioTurno, FineTurno, LineaProduttiva ) VALUES ( 5347367672304511, '2019-10-22 06:28:56', '2019-10-22 15:48:06', 1 );
INSERT INTO Turni ( Dipendente, InizioTurno, FineTurno, LineaProduttiva ) VALUES ( 5369178801082115, '2019-10-22 12:35:13', '2019-10-22 21:26:55', 3 );
INSERT INTO Turni ( Dipendente, InizioTurno, FineTurno, LineaProduttiva ) VALUES ( 5415702359117925, '2019-10-22 06:34:35', '2019-10-22 15:30:21', 2 );
INSERT INTO Turni ( Dipendente, InizioTurno, FineTurno, LineaProduttiva ) VALUES ( 5469651034458670, '2019-10-22 12:22:42', '2019-10-22 21:47:00', 6 );
INSERT INTO Turni ( Dipendente, InizioTurno, FineTurno, LineaProduttiva ) VALUES ( 5829148907148442, '2019-10-22 06:36:23', '2019-10-22 15:54:49', 4 );
INSERT INTO Turni ( Dipendente, InizioTurno, FineTurno, LineaProduttiva ) VALUES ( 6239588849645286, '2019-10-22 06:03:07', '2019-10-22 15:53:41', 6 );
INSERT INTO Turni ( Dipendente, InizioTurno, FineTurno, LineaProduttiva ) VALUES ( 6535112762611768, '2019-10-22 06:59:10', '2019-10-22 15:04:11', 1 );
INSERT INTO Turni ( Dipendente, InizioTurno, FineTurno, LineaProduttiva ) VALUES ( 6565584349581894, '2019-10-22 06:38:22', '2019-10-22 15:47:22', 2 );
INSERT INTO Turni ( Dipendente, InizioTurno, FineTurno, LineaProduttiva ) VALUES ( 7435073643922558, '2019-10-22 12:14:05', '2019-10-22 21:32:22', 2 );
INSERT INTO Turni ( Dipendente, InizioTurno, FineTurno, LineaProduttiva ) VALUES ( 7610723435843567, '2019-10-22 12:44:58', '2019-10-22 21:45:23', 1 );
INSERT INTO Turni ( Dipendente, InizioTurno, FineTurno, LineaProduttiva ) VALUES ( 7779897512480822, '2019-10-22 06:41:53', '2019-10-22 15:19:34', 6 );
INSERT INTO Turni ( Dipendente, InizioTurno, FineTurno, LineaProduttiva ) VALUES ( 8148721728497327, '2019-10-22 12:52:01', '2019-10-22 21:24:36', 3 );
INSERT INTO Turni ( Dipendente, InizioTurno, FineTurno, LineaProduttiva ) VALUES ( 8164846354125222, '2019-10-22 06:46:00', '2019-10-22 15:49:15', 2 );
INSERT INTO Turni ( Dipendente, InizioTurno, FineTurno, LineaProduttiva ) VALUES ( 8244424488008854, '2019-10-22 06:05:47', '2019-10-22 15:41:51', 2 );
INSERT INTO Turni ( Dipendente, InizioTurno, FineTurno, LineaProduttiva ) VALUES ( 8308600785993792, '2019-10-22 12:42:46', '2019-10-22 21:37:38', 2 );
INSERT INTO Turni ( Dipendente, InizioTurno, FineTurno, LineaProduttiva ) VALUES ( 8486061080774805, '2019-10-22 12:19:17', '2019-10-22 21:40:06', 1 );
INSERT INTO Turni ( Dipendente, InizioTurno, FineTurno, LineaProduttiva ) VALUES ( 8530156167317144, '2019-10-22 12:21:31', '2019-10-22 21:39:44', 2 );
INSERT INTO Turni ( Dipendente, InizioTurno, FineTurno, LineaProduttiva ) VALUES ( 8703935763413583, '2019-10-22 06:51:17', '2019-10-22 15:34:30', 1 );
INSERT INTO Turni ( Dipendente, InizioTurno, FineTurno, LineaProduttiva ) VALUES ( 9202278899672787, '2019-10-22 12:26:28', '2019-10-22 21:30:34', 1 );
INSERT INTO Turni ( Dipendente, InizioTurno, FineTurno, LineaProduttiva ) VALUES ( 9339042240897420, '2019-10-22 06:54:56', '2019-10-22 15:53:01', 3 );
INSERT INTO Turni ( Dipendente, InizioTurno, FineTurno, LineaProduttiva ) VALUES ( 9994832010206615, '2019-10-22 12:28:58', '2019-10-22 21:27:38', 6 );
INSERT INTO Turni ( Dipendente, InizioTurno, FineTurno, LineaProduttiva ) VALUES ( 1013434220619035, '2019-10-23 12:08:11', '2019-10-23 21:24:21', 6 );
INSERT INTO Turni ( Dipendente, InizioTurno, FineTurno, LineaProduttiva ) VALUES ( 1381537753713443, '2019-10-23 06:16:38', '2019-10-23 15:40:34', 1 );
INSERT INTO Turni ( Dipendente, InizioTurno, FineTurno, LineaProduttiva ) VALUES ( 1960374235792456, '2019-10-23 12:10:21', '2019-10-23 21:22:30', 2 );
INSERT INTO Turni ( Dipendente, InizioTurno, FineTurno, LineaProduttiva ) VALUES ( 2077727937224817, '2019-10-23 12:57:09', '2019-10-23 21:27:02', 1 );
INSERT INTO Turni ( Dipendente, InizioTurno, FineTurno, LineaProduttiva ) VALUES ( 2317633520051872, '2019-10-23 06:37:44', '2019-10-23 15:09:39', 5 );
INSERT INTO Turni ( Dipendente, InizioTurno, FineTurno, LineaProduttiva ) VALUES ( 2455319125488814, '2019-10-23 06:06:52', '2019-10-23 15:26:56', 1 );
INSERT INTO Turni ( Dipendente, InizioTurno, FineTurno, LineaProduttiva ) VALUES ( 2485106861310395, '2019-10-23 12:46:59', '2019-10-23 21:59:50', 2 );
INSERT INTO Turni ( Dipendente, InizioTurno, FineTurno, LineaProduttiva ) VALUES ( 2915003288081997, '2019-10-23 06:29:53', '2019-10-23 15:07:46', 1 );
INSERT INTO Turni ( Dipendente, InizioTurno, FineTurno, LineaProduttiva ) VALUES ( 3120907610315308, '2019-10-23 06:45:58', '2019-10-23 15:46:02', 4 );
INSERT INTO Turni ( Dipendente, InizioTurno, FineTurno, LineaProduttiva ) VALUES ( 3245695612629995, '2019-10-23 06:33:30', '2019-10-23 15:15:03', 2 );
INSERT INTO Turni ( Dipendente, InizioTurno, FineTurno, LineaProduttiva ) VALUES ( 3338525794980959, '2019-10-23 12:13:03', '2019-10-23 21:25:06', 1 );
INSERT INTO Turni ( Dipendente, InizioTurno, FineTurno, LineaProduttiva ) VALUES ( 3433980433518461, '2019-10-23 06:55:13', '2019-10-23 15:03:27', 3 );
INSERT INTO Turni ( Dipendente, InizioTurno, FineTurno, LineaProduttiva ) VALUES ( 3517680265459629, '2019-10-23 06:33:20', '2019-10-23 15:50:41', 6 );
INSERT INTO Turni ( Dipendente, InizioTurno, FineTurno, LineaProduttiva ) VALUES ( 3636454043099290, '2019-10-23 06:02:14', '2019-10-23 15:29:18', 1 );
INSERT INTO Turni ( Dipendente, InizioTurno, FineTurno, LineaProduttiva ) VALUES ( 3752669038620118, '2019-10-23 06:18:31', '2019-10-23 15:20:08', 1 );
INSERT INTO Turni ( Dipendente, InizioTurno, FineTurno, LineaProduttiva ) VALUES ( 3993916252502469, '2019-10-23 06:07:25', '2019-10-23 15:26:27', 1 );
INSERT INTO Turni ( Dipendente, InizioTurno, FineTurno, LineaProduttiva ) VALUES ( 4139389581288432, '2019-10-23 12:38:55', '2019-10-23 21:46:02', 5 );
INSERT INTO Turni ( Dipendente, InizioTurno, FineTurno, LineaProduttiva ) VALUES ( 4218661661290687, '2019-10-23 12:18:28', '2019-10-23 21:07:20', 1 );
INSERT INTO Turni ( Dipendente, InizioTurno, FineTurno, LineaProduttiva ) VALUES ( 4396104097665407, '2019-10-23 06:17:04', '2019-10-23 15:29:22', 2 );
INSERT INTO Turni ( Dipendente, InizioTurno, FineTurno, LineaProduttiva ) VALUES ( 4396424888016696, '2019-10-23 06:05:20', '2019-10-23 15:58:13', 3 );
INSERT INTO Turni ( Dipendente, InizioTurno, FineTurno, LineaProduttiva ) VALUES ( 4567329622339251, '2019-10-23 12:40:48', '2019-10-23 21:30:40', 1 );
INSERT INTO Turni ( Dipendente, InizioTurno, FineTurno, LineaProduttiva ) VALUES ( 4608141143774318, '2019-10-23 06:25:10', '2019-10-23 15:51:50', 1 );
INSERT INTO Turni ( Dipendente, InizioTurno, FineTurno, LineaProduttiva ) VALUES ( 4697477669615590, '2019-10-23 06:13:22', '2019-10-23 15:59:09', 6 );
INSERT INTO Turni ( Dipendente, InizioTurno, FineTurno, LineaProduttiva ) VALUES ( 4868689557394904, '2019-10-23 12:51:31', '2019-10-23 21:44:41', 5 );
INSERT INTO Turni ( Dipendente, InizioTurno, FineTurno, LineaProduttiva ) VALUES ( 4999913052769009, '2019-10-23 12:51:31', '2019-10-23 21:15:04', 2 );
INSERT INTO Turni ( Dipendente, InizioTurno, FineTurno, LineaProduttiva ) VALUES ( 5196056974546384, '2019-10-23 06:30:23', '2019-10-23 15:04:47', 3 );
INSERT INTO Turni ( Dipendente, InizioTurno, FineTurno, LineaProduttiva ) VALUES ( 5347367672304511, '2019-10-23 06:42:24', '2019-10-23 15:41:35', 1 );
INSERT INTO Turni ( Dipendente, InizioTurno, FineTurno, LineaProduttiva ) VALUES ( 5369178801082115, '2019-10-23 06:57:05', '2019-10-23 15:01:03', 6 );
INSERT INTO Turni ( Dipendente, InizioTurno, FineTurno, LineaProduttiva ) VALUES ( 5415702359117925, '2019-10-23 12:46:21', '2019-10-23 21:06:12', 3 );
INSERT INTO Turni ( Dipendente, InizioTurno, FineTurno, LineaProduttiva ) VALUES ( 5469651034458670, '2019-10-23 06:13:57', '2019-10-23 15:28:00', 6 );
INSERT INTO Turni ( Dipendente, InizioTurno, FineTurno, LineaProduttiva ) VALUES ( 5568020893250070, '2019-10-23 12:45:51', '2019-10-23 21:35:25', 5 );
INSERT INTO Turni ( Dipendente, InizioTurno, FineTurno, LineaProduttiva ) VALUES ( 5673383480806896, '2019-10-23 06:30:57', '2019-10-23 15:39:14', 4 );
INSERT INTO Turni ( Dipendente, InizioTurno, FineTurno, LineaProduttiva ) VALUES ( 5720827150719192, '2019-10-23 06:06:21', '2019-10-23 15:35:18', 6 );
INSERT INTO Turni ( Dipendente, InizioTurno, FineTurno, LineaProduttiva ) VALUES ( 6192422535429477, '2019-10-23 12:13:47', '2019-10-23 21:39:42', 5 );
INSERT INTO Turni ( Dipendente, InizioTurno, FineTurno, LineaProduttiva ) VALUES ( 6239588849645286, '2019-10-23 06:41:56', '2019-10-23 15:36:19', 5 );
INSERT INTO Turni ( Dipendente, InizioTurno, FineTurno, LineaProduttiva ) VALUES ( 6337260322246448, '2019-10-23 06:48:30', '2019-10-23 15:07:34', 1 );
INSERT INTO Turni ( Dipendente, InizioTurno, FineTurno, LineaProduttiva ) VALUES ( 6535112762611768, '2019-10-23 06:31:18', '2019-10-23 15:06:05', 6 );
INSERT INTO Turni ( Dipendente, InizioTurno, FineTurno, LineaProduttiva ) VALUES ( 6822185620095516, '2019-10-23 06:45:10', '2019-10-23 15:45:24', 2 );
INSERT INTO Turni ( Dipendente, InizioTurno, FineTurno, LineaProduttiva ) VALUES ( 6863430699839482, '2019-10-23 06:47:17', '2019-10-23 15:24:31', 2 );
INSERT INTO Turni ( Dipendente, InizioTurno, FineTurno, LineaProduttiva ) VALUES ( 6946084288859162, '2019-10-23 06:13:26', '2019-10-23 15:49:20', 4 );
INSERT INTO Turni ( Dipendente, InizioTurno, FineTurno, LineaProduttiva ) VALUES ( 6976314212807459, '2019-10-23 12:32:16', '2019-10-23 21:03:52', 4 );
INSERT INTO Turni ( Dipendente, InizioTurno, FineTurno, LineaProduttiva ) VALUES ( 7524614508723081, '2019-10-23 12:25:56', '2019-10-23 21:08:04', 5 );
INSERT INTO Turni ( Dipendente, InizioTurno, FineTurno, LineaProduttiva ) VALUES ( 7575432453216282, '2019-10-23 12:08:26', '2019-10-23 21:24:44', 6 );
INSERT INTO Turni ( Dipendente, InizioTurno, FineTurno, LineaProduttiva ) VALUES ( 8148721728497327, '2019-10-23 12:03:04', '2019-10-23 21:51:56', 4 );
INSERT INTO Turni ( Dipendente, InizioTurno, FineTurno, LineaProduttiva ) VALUES ( 8244424488008854, '2019-10-23 06:06:47', '2019-10-23 15:22:52', 3 );
INSERT INTO Turni ( Dipendente, InizioTurno, FineTurno, LineaProduttiva ) VALUES ( 8308600785993792, '2019-10-23 06:38:32', '2019-10-23 15:01:54', 4 );
INSERT INTO Turni ( Dipendente, InizioTurno, FineTurno, LineaProduttiva ) VALUES ( 8396940121051054, '2019-10-23 12:52:27', '2019-10-23 21:40:02', 5 );
INSERT INTO Turni ( Dipendente, InizioTurno, FineTurno, LineaProduttiva ) VALUES ( 8486061080774805, '2019-10-23 06:11:08', '2019-10-23 15:43:56', 5 );
INSERT INTO Turni ( Dipendente, InizioTurno, FineTurno, LineaProduttiva ) VALUES ( 8505246802530648, '2019-10-23 12:44:43', '2019-10-23 21:42:24', 3 );
INSERT INTO Turni ( Dipendente, InizioTurno, FineTurno, LineaProduttiva ) VALUES ( 8703935763413583, '2019-10-23 12:54:40', '2019-10-23 21:28:10', 4 );
INSERT INTO Turni ( Dipendente, InizioTurno, FineTurno, LineaProduttiva ) VALUES ( 8763554918715981, '2019-10-23 06:32:52', '2019-10-23 15:05:37', 2 );
INSERT INTO Turni ( Dipendente, InizioTurno, FineTurno, LineaProduttiva ) VALUES ( 9173158280114929, '2019-10-23 12:48:59', '2019-10-23 21:12:28', 6 );
INSERT INTO Turni ( Dipendente, InizioTurno, FineTurno, LineaProduttiva ) VALUES ( 9190321605508069, '2019-10-23 06:32:42', '2019-10-23 15:17:01', 4 );
INSERT INTO Turni ( Dipendente, InizioTurno, FineTurno, LineaProduttiva ) VALUES ( 9899796553218757, '2019-10-23 12:23:58', '2019-10-23 21:15:25', 4 );
INSERT INTO Turni ( Dipendente, InizioTurno, FineTurno, LineaProduttiva ) VALUES ( 1013434220619035, '2019-10-24 06:11:06', '2019-10-24 15:54:41', 2 );
INSERT INTO Turni ( Dipendente, InizioTurno, FineTurno, LineaProduttiva ) VALUES ( 1381537753713443, '2019-10-24 06:21:28', '2019-10-24 15:22:17', 4 );
INSERT INTO Turni ( Dipendente, InizioTurno, FineTurno, LineaProduttiva ) VALUES ( 2077727937224817, '2019-10-24 12:59:07', '2019-10-24 21:54:32', 3 );
INSERT INTO Turni ( Dipendente, InizioTurno, FineTurno, LineaProduttiva ) VALUES ( 2223765222996174, '2019-10-24 06:57:42', '2019-10-24 15:48:55', 2 );
INSERT INTO Turni ( Dipendente, InizioTurno, FineTurno, LineaProduttiva ) VALUES ( 2317633520051872, '2019-10-24 06:37:09', '2019-10-24 15:25:11', 3 );
INSERT INTO Turni ( Dipendente, InizioTurno, FineTurno, LineaProduttiva ) VALUES ( 2328223935673762, '2019-10-24 12:29:08', '2019-10-24 21:12:18', 1 );
INSERT INTO Turni ( Dipendente, InizioTurno, FineTurno, LineaProduttiva ) VALUES ( 2455319125488814, '2019-10-24 06:26:04', '2019-10-24 15:35:19', 6 );
INSERT INTO Turni ( Dipendente, InizioTurno, FineTurno, LineaProduttiva ) VALUES ( 2480438817420409, '2019-10-24 06:04:59', '2019-10-24 15:41:20', 2 );
INSERT INTO Turni ( Dipendente, InizioTurno, FineTurno, LineaProduttiva ) VALUES ( 2485106861310395, '2019-10-24 12:30:22', '2019-10-24 21:36:11', 6 );
INSERT INTO Turni ( Dipendente, InizioTurno, FineTurno, LineaProduttiva ) VALUES ( 2487732140018372, '2019-10-24 12:50:34', '2019-10-24 21:00:45', 3 );
INSERT INTO Turni ( Dipendente, InizioTurno, FineTurno, LineaProduttiva ) VALUES ( 2753973761830893, '2019-10-24 06:49:28', '2019-10-24 15:01:23', 4 );
INSERT INTO Turni ( Dipendente, InizioTurno, FineTurno, LineaProduttiva ) VALUES ( 2915003288081997, '2019-10-24 06:08:11', '2019-10-24 15:18:02', 4 );
INSERT INTO Turni ( Dipendente, InizioTurno, FineTurno, LineaProduttiva ) VALUES ( 3338525794980959, '2019-10-24 06:06:24', '2019-10-24 15:59:20', 4 );
INSERT INTO Turni ( Dipendente, InizioTurno, FineTurno, LineaProduttiva ) VALUES ( 3448486193165981, '2019-10-24 06:47:17', '2019-10-24 15:19:46', 5 );
INSERT INTO Turni ( Dipendente, InizioTurno, FineTurno, LineaProduttiva ) VALUES ( 3774025139063718, '2019-10-24 12:47:47', '2019-10-24 21:12:02', 6 );
INSERT INTO Turni ( Dipendente, InizioTurno, FineTurno, LineaProduttiva ) VALUES ( 4150190736140990, '2019-10-24 06:02:43', '2019-10-24 15:01:23', 4 );
INSERT INTO Turni ( Dipendente, InizioTurno, FineTurno, LineaProduttiva ) VALUES ( 4403702588022043, '2019-10-24 06:22:04', '2019-10-24 15:40:46', 3 );
INSERT INTO Turni ( Dipendente, InizioTurno, FineTurno, LineaProduttiva ) VALUES ( 4567329622339251, '2019-10-24 12:46:33', '2019-10-24 21:22:23', 4 );
INSERT INTO Turni ( Dipendente, InizioTurno, FineTurno, LineaProduttiva ) VALUES ( 4608141143774318, '2019-10-24 06:24:10', '2019-10-24 15:48:10', 6 );
INSERT INTO Turni ( Dipendente, InizioTurno, FineTurno, LineaProduttiva ) VALUES ( 4741213049682931, '2019-10-24 12:09:36', '2019-10-24 21:49:41', 6 );
INSERT INTO Turni ( Dipendente, InizioTurno, FineTurno, LineaProduttiva ) VALUES ( 4803724411531419, '2019-10-24 12:19:18', '2019-10-24 21:55:06', 6 );
INSERT INTO Turni ( Dipendente, InizioTurno, FineTurno, LineaProduttiva ) VALUES ( 4999913052769009, '2019-10-24 06:24:35', '2019-10-24 15:53:23', 2 );
INSERT INTO Turni ( Dipendente, InizioTurno, FineTurno, LineaProduttiva ) VALUES ( 5196056974546384, '2019-10-24 06:57:27', '2019-10-24 15:28:47', 3 );
INSERT INTO Turni ( Dipendente, InizioTurno, FineTurno, LineaProduttiva ) VALUES ( 5369178801082115, '2019-10-24 12:30:51', '2019-10-24 21:57:51', 4 );
INSERT INTO Turni ( Dipendente, InizioTurno, FineTurno, LineaProduttiva ) VALUES ( 5469651034458670, '2019-10-24 06:47:00', '2019-10-24 15:35:29', 3 );
INSERT INTO Turni ( Dipendente, InizioTurno, FineTurno, LineaProduttiva ) VALUES ( 5568020893250070, '2019-10-24 06:17:12', '2019-10-24 15:01:50', 3 );
INSERT INTO Turni ( Dipendente, InizioTurno, FineTurno, LineaProduttiva ) VALUES ( 5673383480806896, '2019-10-24 06:54:38', '2019-10-24 15:51:05', 6 );
INSERT INTO Turni ( Dipendente, InizioTurno, FineTurno, LineaProduttiva ) VALUES ( 5720827150719192, '2019-10-24 06:00:50', '2019-10-24 15:35:21', 5 );
INSERT INTO Turni ( Dipendente, InizioTurno, FineTurno, LineaProduttiva ) VALUES ( 5804801506966712, '2019-10-24 06:27:28', '2019-10-24 15:54:35', 4 );
INSERT INTO Turni ( Dipendente, InizioTurno, FineTurno, LineaProduttiva ) VALUES ( 6114614869090860, '2019-10-24 12:24:43', '2019-10-24 21:23:10', 1 );
INSERT INTO Turni ( Dipendente, InizioTurno, FineTurno, LineaProduttiva ) VALUES ( 6310865063405342, '2019-10-24 06:33:27', '2019-10-24 15:39:45', 1 );
INSERT INTO Turni ( Dipendente, InizioTurno, FineTurno, LineaProduttiva ) VALUES ( 6535112762611768, '2019-10-24 06:05:15', '2019-10-24 15:46:33', 1 );
INSERT INTO Turni ( Dipendente, InizioTurno, FineTurno, LineaProduttiva ) VALUES ( 6565584349581894, '2019-10-24 12:48:05', '2019-10-24 21:21:06', 2 );
INSERT INTO Turni ( Dipendente, InizioTurno, FineTurno, LineaProduttiva ) VALUES ( 6946084288859162, '2019-10-24 06:54:22', '2019-10-24 15:16:14', 2 );
INSERT INTO Turni ( Dipendente, InizioTurno, FineTurno, LineaProduttiva ) VALUES ( 7425501400753756, '2019-10-24 12:09:28', '2019-10-24 21:25:07', 3 );
INSERT INTO Turni ( Dipendente, InizioTurno, FineTurno, LineaProduttiva ) VALUES ( 7435073643922558, '2019-10-24 06:54:00', '2019-10-24 15:40:31', 6 );
INSERT INTO Turni ( Dipendente, InizioTurno, FineTurno, LineaProduttiva ) VALUES ( 7524614508723081, '2019-10-24 12:23:53', '2019-10-24 21:37:53', 1 );
INSERT INTO Turni ( Dipendente, InizioTurno, FineTurno, LineaProduttiva ) VALUES ( 7575432453216282, '2019-10-24 12:47:25', '2019-10-24 21:34:55', 3 );
INSERT INTO Turni ( Dipendente, InizioTurno, FineTurno, LineaProduttiva ) VALUES ( 7681361712211111, '2019-10-24 12:03:33', '2019-10-24 21:24:38', 6 );
INSERT INTO Turni ( Dipendente, InizioTurno, FineTurno, LineaProduttiva ) VALUES ( 8164846354125222, '2019-10-24 12:55:33', '2019-10-24 21:06:00', 3 );
INSERT INTO Turni ( Dipendente, InizioTurno, FineTurno, LineaProduttiva ) VALUES ( 8294188648960155, '2019-10-24 12:19:04', '2019-10-24 21:17:42', 4 );
INSERT INTO Turni ( Dipendente, InizioTurno, FineTurno, LineaProduttiva ) VALUES ( 8505246802530648, '2019-10-24 06:22:39', '2019-10-24 15:09:22', 1 );
INSERT INTO Turni ( Dipendente, InizioTurno, FineTurno, LineaProduttiva ) VALUES ( 8530156167317144, '2019-10-24 12:09:30', '2019-10-24 21:15:02', 2 );
INSERT INTO Turni ( Dipendente, InizioTurno, FineTurno, LineaProduttiva ) VALUES ( 8601041431529522, '2019-10-24 12:21:25', '2019-10-24 21:35:22', 5 );
INSERT INTO Turni ( Dipendente, InizioTurno, FineTurno, LineaProduttiva ) VALUES ( 8791626944576787, '2019-10-24 12:54:50', '2019-10-24 21:12:29', 4 );
INSERT INTO Turni ( Dipendente, InizioTurno, FineTurno, LineaProduttiva ) VALUES ( 9173158280114929, '2019-10-24 06:42:33', '2019-10-24 15:24:12', 5 );
INSERT INTO Turni ( Dipendente, InizioTurno, FineTurno, LineaProduttiva ) VALUES ( 9190321605508069, '2019-10-24 12:10:44', '2019-10-24 21:38:14', 1 );
INSERT INTO Turni ( Dipendente, InizioTurno, FineTurno, LineaProduttiva ) VALUES ( 9278583151896578, '2019-10-24 06:50:37', '2019-10-24 15:55:20', 5 );
INSERT INTO Turni ( Dipendente, InizioTurno, FineTurno, LineaProduttiva ) VALUES ( 9339042240897420, '2019-10-24 12:12:04', '2019-10-24 21:53:10', 5 );
INSERT INTO Turni ( Dipendente, InizioTurno, FineTurno, LineaProduttiva ) VALUES ( 9352529591790993, '2019-10-24 12:23:33', '2019-10-24 21:39:27', 5 );
INSERT INTO Ordini ( PrezzoTotale, Data, Acquirente ) VALUES ( 172, '2016-10-13 22:00:45', 48 );
INSERT INTO Ordini ( PrezzoTotale, Data, Acquirente ) VALUES ( 77, '2016-11-22 13:47:52', 29 );
INSERT INTO Ordini ( PrezzoTotale, Data, Acquirente ) VALUES ( 583, '2016-10-07 11:58:24', 33 );
INSERT INTO Ordini ( PrezzoTotale, Data, Acquirente ) VALUES ( 466, '2016-06-04 07:03:42', 42 );
INSERT INTO Ordini ( PrezzoTotale, Data, Acquirente ) VALUES ( 865, '2016-01-20 07:35:49', 38 );
INSERT INTO Ordini ( PrezzoTotale, Data, Acquirente ) VALUES ( 96, '2016-02-17 12:22:35', 9 );
INSERT INTO Ordini ( PrezzoTotale, Data, Acquirente ) VALUES ( 618, '2016-11-08 07:34:36', 71 );
INSERT INTO Ordini ( PrezzoTotale, Data, Acquirente ) VALUES ( 341, '2016-05-01 08:25:03', 12 );
INSERT INTO Ordini ( PrezzoTotale, Data, Acquirente ) VALUES ( 631, '2016-12-01 08:38:49', 32 );
INSERT INTO Ordini ( PrezzoTotale, Data, Acquirente ) VALUES ( 551, '2016-06-13 08:41:27', 61 );
INSERT INTO Ordini ( PrezzoTotale, Data, Acquirente ) VALUES ( 256, '2016-09-22 16:52:49', 60 );
INSERT INTO Ordini ( PrezzoTotale, Data, Acquirente ) VALUES ( 739, '2016-07-28 15:28:09', 17 );
INSERT INTO Ordini ( PrezzoTotale, Data, Acquirente ) VALUES ( 749, '2016-03-17 08:47:47', 67 );
INSERT INTO Ordini ( PrezzoTotale, Data, Acquirente ) VALUES ( 678, '2016-01-23 16:42:13', 31 );
INSERT INTO Ordini ( PrezzoTotale, Data, Acquirente ) VALUES ( 731, '2016-03-01 18:28:01', 60 );
INSERT INTO Ordini ( PrezzoTotale, Data, Acquirente ) VALUES ( 37, '2016-10-13 09:10:45', 35 );
INSERT INTO Ordini ( PrezzoTotale, Data, Acquirente ) VALUES ( 561, '2016-04-06 17:07:40', 6 );
INSERT INTO Ordini ( PrezzoTotale, Data, Acquirente ) VALUES ( 212, '2016-11-10 06:15:30', 54 );
INSERT INTO Ordini ( PrezzoTotale, Data, Acquirente ) VALUES ( 86, '2016-05-19 12:24:27', 71 );
INSERT INTO Ordini ( PrezzoTotale, Data, Acquirente ) VALUES ( 507, '2016-05-16 15:21:14', 64 );
INSERT INTO Ordini ( PrezzoTotale, Data, Acquirente ) VALUES ( 463, '2016-03-06 08:24:37', 64 );
INSERT INTO Ordini ( PrezzoTotale, Data, Acquirente ) VALUES ( 561, '2016-11-04 08:31:31', 67 );
INSERT INTO Ordini ( PrezzoTotale, Data, Acquirente ) VALUES ( 862, '2017-08-15 08:37:10', 25 );
INSERT INTO Ordini ( PrezzoTotale, Data, Acquirente ) VALUES ( 407, '2017-06-26 16:03:56', 11 );
INSERT INTO Ordini ( PrezzoTotale, Data, Acquirente ) VALUES ( 579, '2017-07-26 22:35:35', 36 );
INSERT INTO Ordini ( PrezzoTotale, Data, Acquirente ) VALUES ( 638, '2017-02-27 20:08:53', 26 );
INSERT INTO Ordini ( PrezzoTotale, Data, Acquirente ) VALUES ( 725, '2017-07-12 12:45:19', 51 );
INSERT INTO Ordini ( PrezzoTotale, Data, Acquirente ) VALUES ( 447, '2017-03-28 09:55:57', 62 );
INSERT INTO Ordini ( PrezzoTotale, Data, Acquirente ) VALUES ( 956, '2017-11-04 20:46:35', 16 );
INSERT INTO Ordini ( PrezzoTotale, Data, Acquirente ) VALUES ( 340, '2017-04-02 06:36:21', 41 );
INSERT INTO Ordini ( PrezzoTotale, Data, Acquirente ) VALUES ( 806, '2017-07-10 16:13:42', 65 );
INSERT INTO Ordini ( PrezzoTotale, Data, Acquirente ) VALUES ( 763, '2017-10-09 09:50:46', 43 );
INSERT INTO Ordini ( PrezzoTotale, Data, Acquirente ) VALUES ( 975, '2017-06-23 16:47:40', 27 );
INSERT INTO Ordini ( PrezzoTotale, Data, Acquirente ) VALUES ( 743, '2017-05-15 08:55:51', 17 );
INSERT INTO Ordini ( PrezzoTotale, Data, Acquirente ) VALUES ( 175, '2017-06-20 10:12:51', 7 );
INSERT INTO Ordini ( PrezzoTotale, Data, Acquirente ) VALUES ( 873, '2017-11-10 08:38:34', 12 );
INSERT INTO Ordini ( PrezzoTotale, Data, Acquirente ) VALUES ( 237, '2017-10-02 20:23:23', 46 );
INSERT INTO Ordini ( PrezzoTotale, Data, Acquirente ) VALUES ( 651, '2017-02-04 16:02:40', 69 );
INSERT INTO Ordini ( PrezzoTotale, Data, Acquirente ) VALUES ( 410, '2017-06-20 06:51:02', 31 );
INSERT INTO Ordini ( PrezzoTotale, Data, Acquirente ) VALUES ( 93, '2017-07-22 14:20:42', 75 );
INSERT INTO Ordini ( PrezzoTotale, Data, Acquirente ) VALUES ( 478, '2017-06-15 09:43:53', 26 );
INSERT INTO Ordini ( PrezzoTotale, Data, Acquirente ) VALUES ( 390, '2017-12-07 14:28:05', 12 );
INSERT INTO Ordini ( PrezzoTotale, Data, Acquirente ) VALUES ( 432, '2017-07-21 17:24:02', 72 );
INSERT INTO Ordini ( PrezzoTotale, Data, Acquirente ) VALUES ( 308, '2017-05-10 22:04:07', 70 );
INSERT INTO Ordini ( PrezzoTotale, Data, Acquirente ) VALUES ( 384, '2017-05-05 18:48:00', 73 );
INSERT INTO Ordini ( PrezzoTotale, Data, Acquirente ) VALUES ( 358, '2017-09-03 07:56:06', 2 );
INSERT INTO Ordini ( PrezzoTotale, Data, Acquirente ) VALUES ( 19, '2017-06-27 12:51:27', 25 );
INSERT INTO Ordini ( PrezzoTotale, Data, Acquirente ) VALUES ( 68, '2017-01-19 09:53:22', 61 );
INSERT INTO Ordini ( PrezzoTotale, Data, Acquirente ) VALUES ( 790, '2017-04-18 21:35:11', 42 );
INSERT INTO Ordini ( PrezzoTotale, Data, Acquirente ) VALUES ( 362, '2017-01-11 11:39:34', 6 );
INSERT INTO Ordini ( PrezzoTotale, Data, Acquirente ) VALUES ( 493, '2017-07-12 07:11:00', 50 );
INSERT INTO Ordini ( PrezzoTotale, Data, Acquirente ) VALUES ( 509, '2017-06-11 12:49:44', 68 );
INSERT INTO Ordini ( PrezzoTotale, Data, Acquirente ) VALUES ( 828, '2017-09-28 05:58:21', 78 );
INSERT INTO Ordini ( PrezzoTotale, Data, Acquirente ) VALUES ( 280, '2017-02-19 10:29:33', 23 );
INSERT INTO Ordini ( PrezzoTotale, Data, Acquirente ) VALUES ( 695, '2017-12-07 15:22:50', 30 );
INSERT INTO Ordini ( PrezzoTotale, Data, Acquirente ) VALUES ( 480, '2017-09-15 10:10:03', 66 );
INSERT INTO Ordini ( PrezzoTotale, Data, Acquirente ) VALUES ( 269, '2017-10-20 18:08:11', 10 );
INSERT INTO Ordini ( PrezzoTotale, Data, Acquirente ) VALUES ( 792, '2017-07-25 20:37:19', 58 );
INSERT INTO Ordini ( PrezzoTotale, Data, Acquirente ) VALUES ( 313, '2017-05-25 09:51:51', 25 );
INSERT INTO Ordini ( PrezzoTotale, Data, Acquirente ) VALUES ( 20, '2017-07-17 15:13:28', 24 );
INSERT INTO Ordini ( PrezzoTotale, Data, Acquirente ) VALUES ( 708, '2017-07-22 11:57:06', 12 );
INSERT INTO Ordini ( PrezzoTotale, Data, Acquirente ) VALUES ( 61, '2017-06-14 14:48:44', 31 );
INSERT INTO Ordini ( PrezzoTotale, Data, Acquirente ) VALUES ( 377, '2017-06-21 08:57:13', 11 );
INSERT INTO Ordini ( PrezzoTotale, Data, Acquirente ) VALUES ( 689, '2017-11-28 06:12:40', 16 );
INSERT INTO Ordini ( PrezzoTotale, Data, Acquirente ) VALUES ( 800, '2017-03-05 18:02:34', 21 );
INSERT INTO Ordini ( PrezzoTotale, Data, Acquirente ) VALUES ( 645, '2017-07-12 18:05:28', 10 );
INSERT INTO Ordini ( PrezzoTotale, Data, Acquirente ) VALUES ( 378, '2017-09-23 17:14:00', 58 );
INSERT INTO Ordini ( PrezzoTotale, Data, Acquirente ) VALUES ( 747, '2018-05-17 21:09:30', 50 );
INSERT INTO Ordini ( PrezzoTotale, Data, Acquirente ) VALUES ( 336, '2018-07-28 17:50:28', 48 );
INSERT INTO Ordini ( PrezzoTotale, Data, Acquirente ) VALUES ( 203, '2018-10-16 22:04:14', 7 );
INSERT INTO Ordini ( PrezzoTotale, Data, Acquirente ) VALUES ( 988, '2018-01-20 10:49:00', 36 );
INSERT INTO Ordini ( PrezzoTotale, Data, Acquirente ) VALUES ( 296, '2018-06-16 12:45:35', 76 );
INSERT INTO Ordini ( PrezzoTotale, Data, Acquirente ) VALUES ( 259, '2018-06-11 19:48:33', 75 );
INSERT INTO Ordini ( PrezzoTotale, Data, Acquirente ) VALUES ( 702, '2018-12-12 08:26:55', 14 );
INSERT INTO Ordini ( PrezzoTotale, Data, Acquirente ) VALUES ( 724, '2018-06-01 10:18:41', 34 );
INSERT INTO Ordini ( PrezzoTotale, Data, Acquirente ) VALUES ( 404, '2018-11-14 22:04:54', 58 );
INSERT INTO Ordini ( PrezzoTotale, Data, Acquirente ) VALUES ( 446, '2018-02-15 13:46:11', 20 );
INSERT INTO Ordini ( PrezzoTotale, Data, Acquirente ) VALUES ( 707, '2018-09-28 05:00:13', 4 );
INSERT INTO Ordini ( PrezzoTotale, Data, Acquirente ) VALUES ( 940, '2018-07-24 16:04:37', 21 );
INSERT INTO Ordini ( PrezzoTotale, Data, Acquirente ) VALUES ( 497, '2018-05-16 22:37:22', 44 );
INSERT INTO Ordini ( PrezzoTotale, Data, Acquirente ) VALUES ( 412, '2018-10-25 21:08:12', 13 );
INSERT INTO Ordini ( PrezzoTotale, Data, Acquirente ) VALUES ( 5, '2018-11-09 17:36:16', 56 );
INSERT INTO Ordini ( PrezzoTotale, Data, Acquirente ) VALUES ( 327, '2018-12-06 18:15:12', 50 );
INSERT INTO Ordini ( PrezzoTotale, Data, Acquirente ) VALUES ( 803, '2018-06-01 05:57:40', 7 );
INSERT INTO Ordini ( PrezzoTotale, Data, Acquirente ) VALUES ( 309, '2018-07-02 21:07:55', 63 );
INSERT INTO Ordini ( PrezzoTotale, Data, Acquirente ) VALUES ( 250, '2018-11-04 15:32:13', 77 );
INSERT INTO Ordini ( PrezzoTotale, Data, Acquirente ) VALUES ( 299, '2018-12-04 19:37:23', 46 );
INSERT INTO Ordini ( PrezzoTotale, Data, Acquirente ) VALUES ( 880, '2018-07-10 16:09:21', 76 );
INSERT INTO Ordini ( PrezzoTotale, Data, Acquirente ) VALUES ( 597, '2018-12-23 22:08:45', 32 );
INSERT INTO Ordini ( PrezzoTotale, Data, Acquirente ) VALUES ( 847, '2018-03-20 07:57:01', 23 );
INSERT INTO Ordini ( PrezzoTotale, Data, Acquirente ) VALUES ( 312, '2018-01-20 14:27:59', 74 );
INSERT INTO Ordini ( PrezzoTotale, Data, Acquirente ) VALUES ( 189, '2018-05-12 05:52:18', 47 );
INSERT INTO Ordini ( PrezzoTotale, Data, Acquirente ) VALUES ( 154, '2018-12-05 11:14:03', 75 );
INSERT INTO Ordini ( PrezzoTotale, Data, Acquirente ) VALUES ( 465, '2018-11-28 22:56:28', 32 );
INSERT INTO Ordini ( PrezzoTotale, Data, Acquirente ) VALUES ( 368, '2018-10-13 10:48:39', 37 );
INSERT INTO Ordini ( PrezzoTotale, Data, Acquirente ) VALUES ( 271, '2018-09-12 19:36:32', 51 );
INSERT INTO Ordini ( PrezzoTotale, Data, Acquirente ) VALUES ( 148, '2018-08-02 09:05:41', 29 );
INSERT INTO Ordini ( PrezzoTotale, Data, Acquirente ) VALUES ( 681, '2018-07-02 19:53:11', 71 );
INSERT INTO Ordini ( PrezzoTotale, Data, Acquirente ) VALUES ( 656, '2018-11-08 11:44:38', 17 );
INSERT INTO Ordini ( PrezzoTotale, Data, Acquirente ) VALUES ( 297, '2018-03-16 18:25:05', 54 );
INSERT INTO Ordini ( PrezzoTotale, Data, Acquirente ) VALUES ( 339, '2018-07-22 13:39:14', 3 );
INSERT INTO Ordini ( PrezzoTotale, Data, Acquirente ) VALUES ( 63, '2018-12-14 05:30:39', 79 );
INSERT INTO Ordini ( PrezzoTotale, Data, Acquirente ) VALUES ( 711, '2018-04-18 16:47:36', 6 );
INSERT INTO Ordini ( PrezzoTotale, Data, Acquirente ) VALUES ( 304, '2018-04-05 13:42:39', 50 );
INSERT INTO Ordini ( PrezzoTotale, Data, Acquirente ) VALUES ( 849, '2018-12-11 16:20:04', 76 );
INSERT INTO Ordini ( PrezzoTotale, Data, Acquirente ) VALUES ( 969, '2018-12-12 15:21:30', 15 );
INSERT INTO Ordini ( PrezzoTotale, Data, Acquirente ) VALUES ( 1000, '2018-09-18 12:51:01', 79 );
INSERT INTO Ordini ( PrezzoTotale, Data, Acquirente ) VALUES ( 452, '2018-03-20 08:45:22', 24 );
INSERT INTO Ordini ( PrezzoTotale, Data, Acquirente ) VALUES ( 591, '2018-06-24 15:18:31', 66 );
INSERT INTO Ordini ( PrezzoTotale, Data, Acquirente ) VALUES ( 523, '2018-12-09 07:07:47', 35 );
INSERT INTO Ordini ( PrezzoTotale, Data, Acquirente ) VALUES ( 371, '2018-06-27 21:11:41', 13 );
INSERT INTO Ordini ( PrezzoTotale, Data, Acquirente ) VALUES ( 822, '2018-09-23 19:04:11', 58 );
INSERT INTO Ordini ( PrezzoTotale, Data, Acquirente ) VALUES ( 945, '2018-01-06 15:31:19', 49 );
INSERT INTO Ordini ( PrezzoTotale, Data, Acquirente ) VALUES ( 950, '2018-03-22 09:39:54', 50 );
INSERT INTO Ordini ( PrezzoTotale, Data, Acquirente ) VALUES ( 451, '2018-08-01 20:08:36', 59 );
INSERT INTO Ordini ( PrezzoTotale, Data, Acquirente ) VALUES ( 100, '2018-04-12 21:29:32', 65 );
INSERT INTO Ordini ( PrezzoTotale, Data, Acquirente ) VALUES ( 58, '2018-04-20 18:44:01', 17 );
INSERT INTO Ordini ( PrezzoTotale, Data, Acquirente ) VALUES ( 824, '2018-05-12 05:20:03', 62 );
INSERT INTO Ordini ( PrezzoTotale, Data, Acquirente ) VALUES ( 956, '2018-03-07 18:23:45', 80 );
INSERT INTO Ordini ( PrezzoTotale, Data, Acquirente ) VALUES ( 709, '2018-04-28 19:05:03', 53 );
INSERT INTO Ordini ( PrezzoTotale, Data, Acquirente ) VALUES ( 970, '2018-09-20 13:40:14', 44 );
INSERT INTO Ordini ( PrezzoTotale, Data, Acquirente ) VALUES ( 362, '2018-05-21 10:16:40', 50 );
INSERT INTO Ordini ( PrezzoTotale, Data, Acquirente ) VALUES ( 918, '2018-04-05 08:57:28', 55 );
INSERT INTO Ordini ( PrezzoTotale, Data, Acquirente ) VALUES ( 518, '2018-05-26 19:03:34', 2 );
INSERT INTO Ordini ( PrezzoTotale, Data, Acquirente ) VALUES ( 657, '2018-07-12 15:09:15', 54 );
INSERT INTO Ordini ( PrezzoTotale, Data, Acquirente ) VALUES ( 171, '2019-11-18 16:58:44', 35 );
INSERT INTO Ordini ( PrezzoTotale, Data, Acquirente ) VALUES ( 806, '2019-06-24 21:01:03', 55 );
INSERT INTO Ordini ( PrezzoTotale, Data, Acquirente ) VALUES ( 149, '2019-03-13 22:37:44', 7 );
INSERT INTO Ordini ( PrezzoTotale, Data, Acquirente ) VALUES ( 580, '2019-07-10 12:22:52', 41 );
INSERT INTO Ordini ( PrezzoTotale, Data, Acquirente ) VALUES ( 350, '2019-08-13 10:50:53', 60 );
INSERT INTO Ordini ( PrezzoTotale, Data, Acquirente ) VALUES ( 408, '2019-11-25 17:05:28', 57 );
INSERT INTO Ordini ( PrezzoTotale, Data, Acquirente ) VALUES ( 606, '2019-02-04 06:28:39', 38 );
INSERT INTO Ordini ( PrezzoTotale, Data, Acquirente ) VALUES ( 225, '2019-06-26 18:04:40', 32 );
INSERT INTO Ordini ( PrezzoTotale, Data, Acquirente ) VALUES ( 403, '2019-03-27 11:39:28', 74 );
INSERT INTO Ordini ( PrezzoTotale, Data, Acquirente ) VALUES ( 700, '2019-07-25 12:37:35', 7 );
INSERT INTO Ordini ( PrezzoTotale, Data, Acquirente ) VALUES ( 641, '2019-02-12 13:59:14', 77 );
INSERT INTO Ordini ( PrezzoTotale, Data, Acquirente ) VALUES ( 905, '2019-02-20 07:12:53', 22 );
INSERT INTO Ordini ( PrezzoTotale, Data, Acquirente ) VALUES ( 952, '2019-02-04 05:23:05', 41 );
INSERT INTO Ordini ( PrezzoTotale, Data, Acquirente ) VALUES ( 469, '2019-09-06 14:06:13', 41 );
INSERT INTO Ordini ( PrezzoTotale, Data, Acquirente ) VALUES ( 193, '2019-03-16 15:26:19', 66 );
INSERT INTO Ordini ( PrezzoTotale, Data, Acquirente ) VALUES ( 497, '2019-06-22 19:47:46', 59 );
INSERT INTO Ordini ( PrezzoTotale, Data, Acquirente ) VALUES ( 149, '2019-03-20 19:00:19', 52 );
INSERT INTO Ordini ( PrezzoTotale, Data, Acquirente ) VALUES ( 952, '2019-09-19 22:25:22', 10 );
INSERT INTO Ordini ( PrezzoTotale, Data, Acquirente ) VALUES ( 757, '2019-03-15 20:10:32', 28 );
INSERT INTO Ordini ( PrezzoTotale, Data, Acquirente ) VALUES ( 451, '2019-10-16 15:00:30', 68 );
INSERT INTO Ordini ( PrezzoTotale, Data, Acquirente ) VALUES ( 520, '2019-07-01 12:10:26', 37 );
INSERT INTO Ordini ( PrezzoTotale, Data, Acquirente ) VALUES ( 56, '2019-10-27 22:26:16', 66 );
INSERT INTO Ordini ( PrezzoTotale, Data, Acquirente ) VALUES ( 31, '2019-02-19 12:39:05', 33 );
INSERT INTO Ordini ( PrezzoTotale, Data, Acquirente ) VALUES ( 108, '2019-12-16 10:44:49', 60 );
INSERT INTO Ordini ( PrezzoTotale, Data, Acquirente ) VALUES ( 912, '2019-06-20 07:46:01', 70 );
INSERT INTO Ordini ( PrezzoTotale, Data, Acquirente ) VALUES ( 910, '2019-08-20 17:42:21', 37 );
INSERT INTO Ordini ( PrezzoTotale, Data, Acquirente ) VALUES ( 192, '2019-01-02 18:12:00', 13 );
INSERT INTO Ordini ( PrezzoTotale, Data, Acquirente ) VALUES ( 664, '2019-06-16 19:35:51', 39 );
INSERT INTO Ordini ( PrezzoTotale, Data, Acquirente ) VALUES ( 319, '2019-11-25 10:08:35', 50 );
INSERT INTO Ordini ( PrezzoTotale, Data, Acquirente ) VALUES ( 269, '2019-01-09 19:17:28', 30 );
INSERT INTO Ordini ( PrezzoTotale, Data, Acquirente ) VALUES ( 571, '2019-03-24 06:18:14', 69 );
INSERT INTO Ordini ( PrezzoTotale, Data, Acquirente ) VALUES ( 521, '2019-01-20 19:50:32', 1 );
INSERT INTO Ordini ( PrezzoTotale, Data, Acquirente ) VALUES ( 592, '2019-09-09 08:25:49', 9 );
INSERT INTO Ordini ( PrezzoTotale, Data, Acquirente ) VALUES ( 63, '2019-02-23 19:29:53', 6 );
INSERT INTO Ordini ( PrezzoTotale, Data, Acquirente ) VALUES ( 6, '2019-01-14 12:42:57', 66 );
INSERT INTO Ordini ( PrezzoTotale, Data, Acquirente ) VALUES ( 303, '2019-09-16 12:46:38', 28 );
INSERT INTO Ordini ( PrezzoTotale, Data, Acquirente ) VALUES ( 733, '2019-07-08 20:58:54', 61 );
INSERT INTO Ordini ( PrezzoTotale, Data, Acquirente ) VALUES ( 317, '2019-09-15 05:44:01', 39 );
INSERT INTO Ordini ( PrezzoTotale, Data, Acquirente ) VALUES ( 914, '2019-02-08 07:33:25', 56 );
INSERT INTO Ordini ( PrezzoTotale, Data, Acquirente ) VALUES ( 620, '2019-05-06 07:22:37', 8 );
INSERT INTO Ordini ( PrezzoTotale, Data, Acquirente ) VALUES ( 99, '2019-03-04 18:14:00', 26 );
INSERT INTO Ordini ( PrezzoTotale, Data, Acquirente ) VALUES ( 507, '2019-08-09 06:36:36', 5 );
INSERT INTO Ordini ( PrezzoTotale, Data, Acquirente ) VALUES ( 273, '2019-02-23 21:18:59', 78 );
INSERT INTO Ordini ( PrezzoTotale, Data, Acquirente ) VALUES ( 737, '2019-02-08 15:28:17', 57 );
INSERT INTO Ordini ( PrezzoTotale, Data, Acquirente ) VALUES ( 774, '2019-08-08 17:08:36', 69 );
INSERT INTO Ordini ( PrezzoTotale, Data, Acquirente ) VALUES ( 849, '2019-02-07 12:43:17', 11 );
INSERT INTO Ordini ( PrezzoTotale, Data, Acquirente ) VALUES ( 120, '2019-01-23 20:54:19', 52 );
INSERT INTO Ordini ( PrezzoTotale, Data, Acquirente ) VALUES ( 762, '2019-02-16 17:47:38', 4 );
INSERT INTO Ordini ( PrezzoTotale, Data, Acquirente ) VALUES ( 714, '2019-12-25 12:15:18', 58 );
INSERT INTO Ordini ( PrezzoTotale, Data, Acquirente ) VALUES ( 290, '2019-05-24 10:20:26', 67 );
INSERT INTO Ordini ( PrezzoTotale, Data, Acquirente ) VALUES ( 190, '2019-09-15 19:33:25', 6 );
INSERT INTO Ordini ( PrezzoTotale, Data, Acquirente ) VALUES ( 696, '2019-10-06 08:43:34', 6 );
INSERT INTO Ordini ( PrezzoTotale, Data, Acquirente ) VALUES ( 7, '2019-08-07 15:05:30', 69 );
INSERT INTO Ordini ( PrezzoTotale, Data, Acquirente ) VALUES ( 180, '2019-09-05 08:01:12', 60 );
INSERT INTO Ordini ( PrezzoTotale, Data, Acquirente ) VALUES ( 651, '2019-09-23 10:47:04', 14 );
INSERT INTO Ordini ( PrezzoTotale, Data, Acquirente ) VALUES ( 472, '2019-02-20 13:49:06', 56 );
INSERT INTO Ordini ( PrezzoTotale, Data, Acquirente ) VALUES ( 288, '2019-08-22 15:54:16', 58 );
INSERT INTO Ordini ( PrezzoTotale, Data, Acquirente ) VALUES ( 619, '2019-09-01 18:35:00', 20 );
INSERT INTO Ordini ( PrezzoTotale, Data, Acquirente ) VALUES ( 229, '2019-05-12 16:24:17', 54 );
INSERT INTO Ordini ( PrezzoTotale, Data, Acquirente ) VALUES ( 467, '2019-10-17 13:22:56', 55 );
INSERT INTO Ordini ( PrezzoTotale, Data, Acquirente ) VALUES ( 730, '2019-09-05 08:48:41', 50 );
INSERT INTO Ordini ( PrezzoTotale, Data, Acquirente ) VALUES ( 709, '2019-04-11 16:09:49', 56 );
INSERT INTO Ordini ( PrezzoTotale, Data, Acquirente ) VALUES ( 435, '2019-10-20 14:53:22', 46 );
INSERT INTO Ordini ( PrezzoTotale, Data, Acquirente ) VALUES ( 401, '2019-12-17 12:51:52', 74 );
INSERT INTO Ordini ( PrezzoTotale, Data, Acquirente ) VALUES ( 853, '2019-06-21 06:13:43', 50 );
INSERT INTO Ordini ( PrezzoTotale, Data, Acquirente ) VALUES ( 150, '2019-12-26 10:22:42', 30 );
INSERT INTO Ordini ( PrezzoTotale, Data, Acquirente ) VALUES ( 678, '2019-07-06 14:01:50', 17 );
INSERT INTO Ordini ( PrezzoTotale, Data, Acquirente ) VALUES ( 197, '2019-09-08 14:39:01', 78 );
INSERT INTO Ordini ( PrezzoTotale, Data, Acquirente ) VALUES ( 444, '2019-08-09 13:46:07', 36 );
INSERT INTO Ordini ( PrezzoTotale, Data, Acquirente ) VALUES ( 903, '2019-07-19 11:53:57', 46 );
INSERT INTO Ordini ( PrezzoTotale, Data, Acquirente ) VALUES ( 134, '2019-12-05 17:30:41', 56 );
INSERT INTO Ordini ( PrezzoTotale, Data, Acquirente ) VALUES ( 916, '2019-07-23 08:53:20', 39 );
INSERT INTO Ordini ( PrezzoTotale, Data, Acquirente ) VALUES ( 903, '2019-02-23 20:29:39', 71 );
INSERT INTO Ordini ( PrezzoTotale, Data, Acquirente ) VALUES ( 559, '2019-05-22 19:15:38', 25 );
INSERT INTO Ordini ( PrezzoTotale, Data, Acquirente ) VALUES ( 42443, '2019-10-14 21:25:01', 47 );
INSERT INTO Dettagli ( Ordine, BottigliaDiVino, QuantitaBottiglie ) VALUES ( 1, 10, 7 );
INSERT INTO Dettagli ( Ordine, BottigliaDiVino, QuantitaBottiglie ) VALUES ( 1, 13, 7 );
INSERT INTO Dettagli ( Ordine, BottigliaDiVino, QuantitaBottiglie ) VALUES ( 1, 15, 7 );
INSERT INTO Dettagli ( Ordine, BottigliaDiVino, QuantitaBottiglie ) VALUES ( 2, 18, 5 );
INSERT INTO Dettagli ( Ordine, BottigliaDiVino, QuantitaBottiglie ) VALUES ( 2, 15, 3 );
INSERT INTO Dettagli ( Ordine, BottigliaDiVino, QuantitaBottiglie ) VALUES ( 2, 2, 10 );
INSERT INTO Dettagli ( Ordine, BottigliaDiVino, QuantitaBottiglie ) VALUES ( 3, 21, 9 );
INSERT INTO Dettagli ( Ordine, BottigliaDiVino, QuantitaBottiglie ) VALUES ( 3, 28, 3 );
INSERT INTO Dettagli ( Ordine, BottigliaDiVino, QuantitaBottiglie ) VALUES ( 3, 22, 8 );
INSERT INTO Dettagli ( Ordine, BottigliaDiVino, QuantitaBottiglie ) VALUES ( 3, 27, 3 );
INSERT INTO Dettagli ( Ordine, BottigliaDiVino, QuantitaBottiglie ) VALUES ( 4, 17, 6 );
INSERT INTO Dettagli ( Ordine, BottigliaDiVino, QuantitaBottiglie ) VALUES ( 4, 1, 4 );
INSERT INTO Dettagli ( Ordine, BottigliaDiVino, QuantitaBottiglie ) VALUES ( 5, 8, 9 );
INSERT INTO Dettagli ( Ordine, BottigliaDiVino, QuantitaBottiglie ) VALUES ( 6, 18, 8 );
INSERT INTO Dettagli ( Ordine, BottigliaDiVino, QuantitaBottiglie ) VALUES ( 6, 1, 7 );
INSERT INTO Dettagli ( Ordine, BottigliaDiVino, QuantitaBottiglie ) VALUES ( 7, 20, 10 );
INSERT INTO Dettagli ( Ordine, BottigliaDiVino, QuantitaBottiglie ) VALUES ( 7, 29, 10 );
INSERT INTO Dettagli ( Ordine, BottigliaDiVino, QuantitaBottiglie ) VALUES ( 7, 14, 8 );
INSERT INTO Dettagli ( Ordine, BottigliaDiVino, QuantitaBottiglie ) VALUES ( 8, 19, 2 );
INSERT INTO Dettagli ( Ordine, BottigliaDiVino, QuantitaBottiglie ) VALUES ( 9, 13, 6 );
INSERT INTO Dettagli ( Ordine, BottigliaDiVino, QuantitaBottiglie ) VALUES ( 9, 16, 1 );
INSERT INTO Dettagli ( Ordine, BottigliaDiVino, QuantitaBottiglie ) VALUES ( 9, 23, 10 );
INSERT INTO Dettagli ( Ordine, BottigliaDiVino, QuantitaBottiglie ) VALUES ( 9, 22, 1 );
INSERT INTO Dettagli ( Ordine, BottigliaDiVino, QuantitaBottiglie ) VALUES ( 10, 19, 9 );
INSERT INTO Dettagli ( Ordine, BottigliaDiVino, QuantitaBottiglie ) VALUES ( 10, 1, 3 );
INSERT INTO Dettagli ( Ordine, BottigliaDiVino, QuantitaBottiglie ) VALUES ( 10, 27, 9 );
INSERT INTO Dettagli ( Ordine, BottigliaDiVino, QuantitaBottiglie ) VALUES ( 10, 29, 2 );
INSERT INTO Dettagli ( Ordine, BottigliaDiVino, QuantitaBottiglie ) VALUES ( 11, 5, 2 );
INSERT INTO Dettagli ( Ordine, BottigliaDiVino, QuantitaBottiglie ) VALUES ( 11, 15, 7 );
INSERT INTO Dettagli ( Ordine, BottigliaDiVino, QuantitaBottiglie ) VALUES ( 11, 19, 5 );
INSERT INTO Dettagli ( Ordine, BottigliaDiVino, QuantitaBottiglie ) VALUES ( 12, 15, 4 );
INSERT INTO Dettagli ( Ordine, BottigliaDiVino, QuantitaBottiglie ) VALUES ( 13, 17, 4 );
INSERT INTO Dettagli ( Ordine, BottigliaDiVino, QuantitaBottiglie ) VALUES ( 14, 6, 8 );
INSERT INTO Dettagli ( Ordine, BottigliaDiVino, QuantitaBottiglie ) VALUES ( 14, 18, 1 );
INSERT INTO Dettagli ( Ordine, BottigliaDiVino, QuantitaBottiglie ) VALUES ( 14, 16, 3 );
INSERT INTO Dettagli ( Ordine, BottigliaDiVino, QuantitaBottiglie ) VALUES ( 14, 28, 8 );
INSERT INTO Dettagli ( Ordine, BottigliaDiVino, QuantitaBottiglie ) VALUES ( 15, 3, 8 );
INSERT INTO Dettagli ( Ordine, BottigliaDiVino, QuantitaBottiglie ) VALUES ( 15, 18, 1 );
INSERT INTO Dettagli ( Ordine, BottigliaDiVino, QuantitaBottiglie ) VALUES ( 16, 25, 1 );
INSERT INTO Dettagli ( Ordine, BottigliaDiVino, QuantitaBottiglie ) VALUES ( 16, 10, 2 );
INSERT INTO Dettagli ( Ordine, BottigliaDiVino, QuantitaBottiglie ) VALUES ( 16, 3, 6 );
INSERT INTO Dettagli ( Ordine, BottigliaDiVino, QuantitaBottiglie ) VALUES ( 17, 4, 3 );
INSERT INTO Dettagli ( Ordine, BottigliaDiVino, QuantitaBottiglie ) VALUES ( 17, 16, 6 );
INSERT INTO Dettagli ( Ordine, BottigliaDiVino, QuantitaBottiglie ) VALUES ( 17, 5, 7 );
INSERT INTO Dettagli ( Ordine, BottigliaDiVino, QuantitaBottiglie ) VALUES ( 17, 21, 5 );
INSERT INTO Dettagli ( Ordine, BottigliaDiVino, QuantitaBottiglie ) VALUES ( 18, 17, 5 );
INSERT INTO Dettagli ( Ordine, BottigliaDiVino, QuantitaBottiglie ) VALUES ( 18, 29, 4 );
INSERT INTO Dettagli ( Ordine, BottigliaDiVino, QuantitaBottiglie ) VALUES ( 18, 3, 9 );
INSERT INTO Dettagli ( Ordine, BottigliaDiVino, QuantitaBottiglie ) VALUES ( 19, 15, 4 );
INSERT INTO Dettagli ( Ordine, BottigliaDiVino, QuantitaBottiglie ) VALUES ( 20, 9, 4 );
INSERT INTO Dettagli ( Ordine, BottigliaDiVino, QuantitaBottiglie ) VALUES ( 21, 21, 6 );
INSERT INTO Dettagli ( Ordine, BottigliaDiVino, QuantitaBottiglie ) VALUES ( 21, 26, 8 );
INSERT INTO Dettagli ( Ordine, BottigliaDiVino, QuantitaBottiglie ) VALUES ( 22, 21, 6 );
INSERT INTO Dettagli ( Ordine, BottigliaDiVino, QuantitaBottiglie ) VALUES ( 22, 4, 3 );
INSERT INTO Dettagli ( Ordine, BottigliaDiVino, QuantitaBottiglie ) VALUES ( 22, 29, 9 );
INSERT INTO Dettagli ( Ordine, BottigliaDiVino, QuantitaBottiglie ) VALUES ( 23, 15, 2 );
INSERT INTO Dettagli ( Ordine, BottigliaDiVino, QuantitaBottiglie ) VALUES ( 23, 12, 9 );
INSERT INTO Dettagli ( Ordine, BottigliaDiVino, QuantitaBottiglie ) VALUES ( 23, 22, 7 );
INSERT INTO Dettagli ( Ordine, BottigliaDiVino, QuantitaBottiglie ) VALUES ( 24, 26, 10 );
INSERT INTO Dettagli ( Ordine, BottigliaDiVino, QuantitaBottiglie ) VALUES ( 25, 16, 3 );
INSERT INTO Dettagli ( Ordine, BottigliaDiVino, QuantitaBottiglie ) VALUES ( 25, 15, 6 );
INSERT INTO Dettagli ( Ordine, BottigliaDiVino, QuantitaBottiglie ) VALUES ( 25, 5, 7 );
INSERT INTO Dettagli ( Ordine, BottigliaDiVino, QuantitaBottiglie ) VALUES ( 26, 3, 6 );
INSERT INTO Dettagli ( Ordine, BottigliaDiVino, QuantitaBottiglie ) VALUES ( 26, 18, 1 );
INSERT INTO Dettagli ( Ordine, BottigliaDiVino, QuantitaBottiglie ) VALUES ( 27, 19, 6 );
INSERT INTO Dettagli ( Ordine, BottigliaDiVino, QuantitaBottiglie ) VALUES ( 27, 12, 5 );
INSERT INTO Dettagli ( Ordine, BottigliaDiVino, QuantitaBottiglie ) VALUES ( 27, 11, 5 );
INSERT INTO Dettagli ( Ordine, BottigliaDiVino, QuantitaBottiglie ) VALUES ( 28, 2, 4 );
INSERT INTO Dettagli ( Ordine, BottigliaDiVino, QuantitaBottiglie ) VALUES ( 28, 25, 9 );
INSERT INTO Dettagli ( Ordine, BottigliaDiVino, QuantitaBottiglie ) VALUES ( 28, 1, 3 );
INSERT INTO Dettagli ( Ordine, BottigliaDiVino, QuantitaBottiglie ) VALUES ( 28, 20, 6 );
INSERT INTO Dettagli ( Ordine, BottigliaDiVino, QuantitaBottiglie ) VALUES ( 29, 28, 8 );
INSERT INTO Dettagli ( Ordine, BottigliaDiVino, QuantitaBottiglie ) VALUES ( 30, 12, 4 );
INSERT INTO Dettagli ( Ordine, BottigliaDiVino, QuantitaBottiglie ) VALUES ( 30, 5, 6 );
INSERT INTO Dettagli ( Ordine, BottigliaDiVino, QuantitaBottiglie ) VALUES ( 30, 21, 9 );
INSERT INTO Dettagli ( Ordine, BottigliaDiVino, QuantitaBottiglie ) VALUES ( 31, 29, 10 );
INSERT INTO Dettagli ( Ordine, BottigliaDiVino, QuantitaBottiglie ) VALUES ( 31, 7, 8 );
INSERT INTO Dettagli ( Ordine, BottigliaDiVino, QuantitaBottiglie ) VALUES ( 31, 9, 6 );
INSERT INTO Dettagli ( Ordine, BottigliaDiVino, QuantitaBottiglie ) VALUES ( 31, 11, 5 );
INSERT INTO Dettagli ( Ordine, BottigliaDiVino, QuantitaBottiglie ) VALUES ( 32, 29, 2 );
INSERT INTO Dettagli ( Ordine, BottigliaDiVino, QuantitaBottiglie ) VALUES ( 32, 8, 6 );
INSERT INTO Dettagli ( Ordine, BottigliaDiVino, QuantitaBottiglie ) VALUES ( 33, 21, 5 );
INSERT INTO Dettagli ( Ordine, BottigliaDiVino, QuantitaBottiglie ) VALUES ( 33, 24, 6 );
INSERT INTO Dettagli ( Ordine, BottigliaDiVino, QuantitaBottiglie ) VALUES ( 33, 10, 3 );
INSERT INTO Dettagli ( Ordine, BottigliaDiVino, QuantitaBottiglie ) VALUES ( 34, 26, 7 );
INSERT INTO Dettagli ( Ordine, BottigliaDiVino, QuantitaBottiglie ) VALUES ( 34, 15, 4 );
INSERT INTO Dettagli ( Ordine, BottigliaDiVino, QuantitaBottiglie ) VALUES ( 35, 17, 7 );
INSERT INTO Dettagli ( Ordine, BottigliaDiVino, QuantitaBottiglie ) VALUES ( 35, 10, 1 );
INSERT INTO Dettagli ( Ordine, BottigliaDiVino, QuantitaBottiglie ) VALUES ( 35, 18, 1 );
INSERT INTO Dettagli ( Ordine, BottigliaDiVino, QuantitaBottiglie ) VALUES ( 36, 26, 3 );
INSERT INTO Dettagli ( Ordine, BottigliaDiVino, QuantitaBottiglie ) VALUES ( 36, 14, 6 );
INSERT INTO Dettagli ( Ordine, BottigliaDiVino, QuantitaBottiglie ) VALUES ( 36, 29, 1 );
INSERT INTO Dettagli ( Ordine, BottigliaDiVino, QuantitaBottiglie ) VALUES ( 37, 5, 6 );
INSERT INTO Dettagli ( Ordine, BottigliaDiVino, QuantitaBottiglie ) VALUES ( 38, 5, 8 );
INSERT INTO Dettagli ( Ordine, BottigliaDiVino, QuantitaBottiglie ) VALUES ( 39, 20, 3 );
INSERT INTO Dettagli ( Ordine, BottigliaDiVino, QuantitaBottiglie ) VALUES ( 40, 22, 5 );
INSERT INTO Dettagli ( Ordine, BottigliaDiVino, QuantitaBottiglie ) VALUES ( 40, 8, 6 );
INSERT INTO Dettagli ( Ordine, BottigliaDiVino, QuantitaBottiglie ) VALUES ( 40, 23, 9 );
INSERT INTO Dettagli ( Ordine, BottigliaDiVino, QuantitaBottiglie ) VALUES ( 41, 27, 2 );
INSERT INTO Dettagli ( Ordine, BottigliaDiVino, QuantitaBottiglie ) VALUES ( 41, 30, 1 );
INSERT INTO Dettagli ( Ordine, BottigliaDiVino, QuantitaBottiglie ) VALUES ( 41, 15, 5 );
INSERT INTO Dettagli ( Ordine, BottigliaDiVino, QuantitaBottiglie ) VALUES ( 42, 13, 6 );
INSERT INTO Dettagli ( Ordine, BottigliaDiVino, QuantitaBottiglie ) VALUES ( 42, 4, 2 );
INSERT INTO Dettagli ( Ordine, BottigliaDiVino, QuantitaBottiglie ) VALUES ( 42, 8, 7 );
INSERT INTO Dettagli ( Ordine, BottigliaDiVino, QuantitaBottiglie ) VALUES ( 43, 25, 4 );
INSERT INTO Dettagli ( Ordine, BottigliaDiVino, QuantitaBottiglie ) VALUES ( 43, 20, 8 );
INSERT INTO Dettagli ( Ordine, BottigliaDiVino, QuantitaBottiglie ) VALUES ( 44, 1, 8 );
INSERT INTO Dettagli ( Ordine, BottigliaDiVino, QuantitaBottiglie ) VALUES ( 44, 13, 7 );
INSERT INTO Dettagli ( Ordine, BottigliaDiVino, QuantitaBottiglie ) VALUES ( 45, 10, 1 );
INSERT INTO Dettagli ( Ordine, BottigliaDiVino, QuantitaBottiglie ) VALUES ( 46, 23, 8 );
INSERT INTO Dettagli ( Ordine, BottigliaDiVino, QuantitaBottiglie ) VALUES ( 47, 27, 5 );
INSERT INTO Dettagli ( Ordine, BottigliaDiVino, QuantitaBottiglie ) VALUES ( 47, 29, 9 );
INSERT INTO Dettagli ( Ordine, BottigliaDiVino, QuantitaBottiglie ) VALUES ( 47, 11, 1 );
INSERT INTO Dettagli ( Ordine, BottigliaDiVino, QuantitaBottiglie ) VALUES ( 47, 16, 5 );
INSERT INTO Dettagli ( Ordine, BottigliaDiVino, QuantitaBottiglie ) VALUES ( 48, 23, 10 );
INSERT INTO Dettagli ( Ordine, BottigliaDiVino, QuantitaBottiglie ) VALUES ( 49, 11, 3 );
INSERT INTO Dettagli ( Ordine, BottigliaDiVino, QuantitaBottiglie ) VALUES ( 50, 30, 1 );
INSERT INTO Dettagli ( Ordine, BottigliaDiVino, QuantitaBottiglie ) VALUES ( 50, 19, 8 );
INSERT INTO Dettagli ( Ordine, BottigliaDiVino, QuantitaBottiglie ) VALUES ( 50, 4, 4 );
INSERT INTO Dettagli ( Ordine, BottigliaDiVino, QuantitaBottiglie ) VALUES ( 50, 27, 9 );
INSERT INTO Dettagli ( Ordine, BottigliaDiVino, QuantitaBottiglie ) VALUES ( 51, 2, 3 );
INSERT INTO Dettagli ( Ordine, BottigliaDiVino, QuantitaBottiglie ) VALUES ( 52, 22, 3 );
INSERT INTO Dettagli ( Ordine, BottigliaDiVino, QuantitaBottiglie ) VALUES ( 52, 12, 5 );
INSERT INTO Dettagli ( Ordine, BottigliaDiVino, QuantitaBottiglie ) VALUES ( 53, 28, 10 );
INSERT INTO Dettagli ( Ordine, BottigliaDiVino, QuantitaBottiglie ) VALUES ( 53, 4, 10 );
INSERT INTO Dettagli ( Ordine, BottigliaDiVino, QuantitaBottiglie ) VALUES ( 54, 19, 7 );
INSERT INTO Dettagli ( Ordine, BottigliaDiVino, QuantitaBottiglie ) VALUES ( 54, 16, 6 );
INSERT INTO Dettagli ( Ordine, BottigliaDiVino, QuantitaBottiglie ) VALUES ( 54, 24, 9 );
INSERT INTO Dettagli ( Ordine, BottigliaDiVino, QuantitaBottiglie ) VALUES ( 55, 24, 5 );
INSERT INTO Dettagli ( Ordine, BottigliaDiVino, QuantitaBottiglie ) VALUES ( 55, 7, 7 );
INSERT INTO Dettagli ( Ordine, BottigliaDiVino, QuantitaBottiglie ) VALUES ( 55, 10, 2 );
INSERT INTO Dettagli ( Ordine, BottigliaDiVino, QuantitaBottiglie ) VALUES ( 55, 19, 10 );
INSERT INTO Dettagli ( Ordine, BottigliaDiVino, QuantitaBottiglie ) VALUES ( 56, 16, 1 );
INSERT INTO Dettagli ( Ordine, BottigliaDiVino, QuantitaBottiglie ) VALUES ( 56, 28, 4 );
INSERT INTO Dettagli ( Ordine, BottigliaDiVino, QuantitaBottiglie ) VALUES ( 57, 25, 4 );
INSERT INTO Dettagli ( Ordine, BottigliaDiVino, QuantitaBottiglie ) VALUES ( 57, 30, 4 );
INSERT INTO Dettagli ( Ordine, BottigliaDiVino, QuantitaBottiglie ) VALUES ( 57, 27, 9 );
INSERT INTO Dettagli ( Ordine, BottigliaDiVino, QuantitaBottiglie ) VALUES ( 58, 3, 1 );
INSERT INTO Dettagli ( Ordine, BottigliaDiVino, QuantitaBottiglie ) VALUES ( 58, 9, 8 );
INSERT INTO Dettagli ( Ordine, BottigliaDiVino, QuantitaBottiglie ) VALUES ( 59, 7, 5 );
INSERT INTO Dettagli ( Ordine, BottigliaDiVino, QuantitaBottiglie ) VALUES ( 59, 9, 6 );
INSERT INTO Dettagli ( Ordine, BottigliaDiVino, QuantitaBottiglie ) VALUES ( 59, 4, 8 );
INSERT INTO Dettagli ( Ordine, BottigliaDiVino, QuantitaBottiglie ) VALUES ( 60, 25, 4 );
INSERT INTO Dettagli ( Ordine, BottigliaDiVino, QuantitaBottiglie ) VALUES ( 61, 24, 9 );
INSERT INTO Dettagli ( Ordine, BottigliaDiVino, QuantitaBottiglie ) VALUES ( 61, 23, 8 );
INSERT INTO Dettagli ( Ordine, BottigliaDiVino, QuantitaBottiglie ) VALUES ( 61, 1, 8 );
INSERT INTO Dettagli ( Ordine, BottigliaDiVino, QuantitaBottiglie ) VALUES ( 61, 8, 7 );
INSERT INTO Dettagli ( Ordine, BottigliaDiVino, QuantitaBottiglie ) VALUES ( 62, 27, 2 );
INSERT INTO Dettagli ( Ordine, BottigliaDiVino, QuantitaBottiglie ) VALUES ( 62, 6, 5 );
INSERT INTO Dettagli ( Ordine, BottigliaDiVino, QuantitaBottiglie ) VALUES ( 62, 29, 8 );
INSERT INTO Dettagli ( Ordine, BottigliaDiVino, QuantitaBottiglie ) VALUES ( 63, 25, 3 );
INSERT INTO Dettagli ( Ordine, BottigliaDiVino, QuantitaBottiglie ) VALUES ( 63, 23, 1 );
INSERT INTO Dettagli ( Ordine, BottigliaDiVino, QuantitaBottiglie ) VALUES ( 64, 21, 5 );
INSERT INTO Dettagli ( Ordine, BottigliaDiVino, QuantitaBottiglie ) VALUES ( 65, 16, 3 );
INSERT INTO Dettagli ( Ordine, BottigliaDiVino, QuantitaBottiglie ) VALUES ( 66, 17, 4 );
INSERT INTO Dettagli ( Ordine, BottigliaDiVino, QuantitaBottiglie ) VALUES ( 66, 15, 8 );
INSERT INTO Dettagli ( Ordine, BottigliaDiVino, QuantitaBottiglie ) VALUES ( 66, 25, 7 );
INSERT INTO Dettagli ( Ordine, BottigliaDiVino, QuantitaBottiglie ) VALUES ( 67, 8, 9 );
INSERT INTO Dettagli ( Ordine, BottigliaDiVino, QuantitaBottiglie ) VALUES ( 67, 15, 2 );
INSERT INTO Dettagli ( Ordine, BottigliaDiVino, QuantitaBottiglie ) VALUES ( 67, 23, 3 );
INSERT INTO Dettagli ( Ordine, BottigliaDiVino, QuantitaBottiglie ) VALUES ( 68, 13, 2 );
INSERT INTO Dettagli ( Ordine, BottigliaDiVino, QuantitaBottiglie ) VALUES ( 68, 3, 9 );
INSERT INTO Dettagli ( Ordine, BottigliaDiVino, QuantitaBottiglie ) VALUES ( 68, 8, 9 );
INSERT INTO Dettagli ( Ordine, BottigliaDiVino, QuantitaBottiglie ) VALUES ( 68, 25, 4 );
INSERT INTO Dettagli ( Ordine, BottigliaDiVino, QuantitaBottiglie ) VALUES ( 69, 16, 10 );
INSERT INTO Dettagli ( Ordine, BottigliaDiVino, QuantitaBottiglie ) VALUES ( 70, 20, 3 );
INSERT INTO Dettagli ( Ordine, BottigliaDiVino, QuantitaBottiglie ) VALUES ( 70, 18, 10 );
INSERT INTO Dettagli ( Ordine, BottigliaDiVino, QuantitaBottiglie ) VALUES ( 71, 17, 6 );
INSERT INTO Dettagli ( Ordine, BottigliaDiVino, QuantitaBottiglie ) VALUES ( 71, 7, 3 );
INSERT INTO Dettagli ( Ordine, BottigliaDiVino, QuantitaBottiglie ) VALUES ( 71, 23, 2 );
INSERT INTO Dettagli ( Ordine, BottigliaDiVino, QuantitaBottiglie ) VALUES ( 72, 20, 6 );
INSERT INTO Dettagli ( Ordine, BottigliaDiVino, QuantitaBottiglie ) VALUES ( 73, 17, 10 );
INSERT INTO Dettagli ( Ordine, BottigliaDiVino, QuantitaBottiglie ) VALUES ( 73, 7, 8 );
INSERT INTO Dettagli ( Ordine, BottigliaDiVino, QuantitaBottiglie ) VALUES ( 73, 14, 10 );
INSERT INTO Dettagli ( Ordine, BottigliaDiVino, QuantitaBottiglie ) VALUES ( 74, 7, 6 );
INSERT INTO Dettagli ( Ordine, BottigliaDiVino, QuantitaBottiglie ) VALUES ( 74, 22, 2 );
INSERT INTO Dettagli ( Ordine, BottigliaDiVino, QuantitaBottiglie ) VALUES ( 75, 29, 10 );
INSERT INTO Dettagli ( Ordine, BottigliaDiVino, QuantitaBottiglie ) VALUES ( 76, 9, 9 );
INSERT INTO Dettagli ( Ordine, BottigliaDiVino, QuantitaBottiglie ) VALUES ( 77, 24, 4 );
INSERT INTO Dettagli ( Ordine, BottigliaDiVino, QuantitaBottiglie ) VALUES ( 78, 20, 2 );
INSERT INTO Dettagli ( Ordine, BottigliaDiVino, QuantitaBottiglie ) VALUES ( 78, 9, 8 );
INSERT INTO Dettagli ( Ordine, BottigliaDiVino, QuantitaBottiglie ) VALUES ( 79, 18, 1 );
INSERT INTO Dettagli ( Ordine, BottigliaDiVino, QuantitaBottiglie ) VALUES ( 79, 28, 4 );
INSERT INTO Dettagli ( Ordine, BottigliaDiVino, QuantitaBottiglie ) VALUES ( 79, 10, 9 );
INSERT INTO Dettagli ( Ordine, BottigliaDiVino, QuantitaBottiglie ) VALUES ( 79, 20, 3 );
INSERT INTO Dettagli ( Ordine, BottigliaDiVino, QuantitaBottiglie ) VALUES ( 80, 12, 5 );
INSERT INTO Dettagli ( Ordine, BottigliaDiVino, QuantitaBottiglie ) VALUES ( 80, 23, 1 );
INSERT INTO Dettagli ( Ordine, BottigliaDiVino, QuantitaBottiglie ) VALUES ( 80, 15, 2 );
INSERT INTO Dettagli ( Ordine, BottigliaDiVino, QuantitaBottiglie ) VALUES ( 81, 15, 5 );
INSERT INTO Dettagli ( Ordine, BottigliaDiVino, QuantitaBottiglie ) VALUES ( 82, 16, 10 );
INSERT INTO Dettagli ( Ordine, BottigliaDiVino, QuantitaBottiglie ) VALUES ( 82, 17, 10 );
INSERT INTO Dettagli ( Ordine, BottigliaDiVino, QuantitaBottiglie ) VALUES ( 82, 18, 9 );
INSERT INTO Dettagli ( Ordine, BottigliaDiVino, QuantitaBottiglie ) VALUES ( 83, 25, 2 );
INSERT INTO Dettagli ( Ordine, BottigliaDiVino, QuantitaBottiglie ) VALUES ( 83, 29, 3 );
INSERT INTO Dettagli ( Ordine, BottigliaDiVino, QuantitaBottiglie ) VALUES ( 83, 17, 4 );
INSERT INTO Dettagli ( Ordine, BottigliaDiVino, QuantitaBottiglie ) VALUES ( 83, 19, 7 );
INSERT INTO Dettagli ( Ordine, BottigliaDiVino, QuantitaBottiglie ) VALUES ( 84, 22, 3 );
INSERT INTO Dettagli ( Ordine, BottigliaDiVino, QuantitaBottiglie ) VALUES ( 85, 1, 9 );
INSERT INTO Dettagli ( Ordine, BottigliaDiVino, QuantitaBottiglie ) VALUES ( 85, 23, 7 );
INSERT INTO Dettagli ( Ordine, BottigliaDiVino, QuantitaBottiglie ) VALUES ( 85, 30, 1 );
INSERT INTO Dettagli ( Ordine, BottigliaDiVino, QuantitaBottiglie ) VALUES ( 85, 27, 1 );
INSERT INTO Dettagli ( Ordine, BottigliaDiVino, QuantitaBottiglie ) VALUES ( 86, 16, 5 );
INSERT INTO Dettagli ( Ordine, BottigliaDiVino, QuantitaBottiglie ) VALUES ( 86, 29, 4 );
INSERT INTO Dettagli ( Ordine, BottigliaDiVino, QuantitaBottiglie ) VALUES ( 86, 30, 7 );
INSERT INTO Dettagli ( Ordine, BottigliaDiVino, QuantitaBottiglie ) VALUES ( 87, 4, 3 );
INSERT INTO Dettagli ( Ordine, BottigliaDiVino, QuantitaBottiglie ) VALUES ( 87, 27, 6 );
INSERT INTO Dettagli ( Ordine, BottigliaDiVino, QuantitaBottiglie ) VALUES ( 87, 8, 2 );
INSERT INTO Dettagli ( Ordine, BottigliaDiVino, QuantitaBottiglie ) VALUES ( 88, 3, 8 );
INSERT INTO Dettagli ( Ordine, BottigliaDiVino, QuantitaBottiglie ) VALUES ( 88, 21, 1 );
INSERT INTO Dettagli ( Ordine, BottigliaDiVino, QuantitaBottiglie ) VALUES ( 88, 26, 4 );
INSERT INTO Dettagli ( Ordine, BottigliaDiVino, QuantitaBottiglie ) VALUES ( 88, 14, 3 );
INSERT INTO Dettagli ( Ordine, BottigliaDiVino, QuantitaBottiglie ) VALUES ( 89, 28, 3 );
INSERT INTO Dettagli ( Ordine, BottigliaDiVino, QuantitaBottiglie ) VALUES ( 89, 7, 10 );
INSERT INTO Dettagli ( Ordine, BottigliaDiVino, QuantitaBottiglie ) VALUES ( 90, 3, 2 );
INSERT INTO Dettagli ( Ordine, BottigliaDiVino, QuantitaBottiglie ) VALUES ( 90, 10, 9 );
INSERT INTO Dettagli ( Ordine, BottigliaDiVino, QuantitaBottiglie ) VALUES ( 90, 15, 10 );
INSERT INTO Dettagli ( Ordine, BottigliaDiVino, QuantitaBottiglie ) VALUES ( 91, 5, 4 );
INSERT INTO Dettagli ( Ordine, BottigliaDiVino, QuantitaBottiglie ) VALUES ( 91, 24, 9 );
INSERT INTO Dettagli ( Ordine, BottigliaDiVino, QuantitaBottiglie ) VALUES ( 91, 23, 10 );
INSERT INTO Dettagli ( Ordine, BottigliaDiVino, QuantitaBottiglie ) VALUES ( 92, 1, 6 );
INSERT INTO Dettagli ( Ordine, BottigliaDiVino, QuantitaBottiglie ) VALUES ( 92, 8, 7 );
INSERT INTO Dettagli ( Ordine, BottigliaDiVino, QuantitaBottiglie ) VALUES ( 92, 3, 10 );
INSERT INTO Dettagli ( Ordine, BottigliaDiVino, QuantitaBottiglie ) VALUES ( 93, 30, 4 );
INSERT INTO Dettagli ( Ordine, BottigliaDiVino, QuantitaBottiglie ) VALUES ( 93, 26, 3 );
INSERT INTO Dettagli ( Ordine, BottigliaDiVino, QuantitaBottiglie ) VALUES ( 93, 5, 2 );
INSERT INTO Dettagli ( Ordine, BottigliaDiVino, QuantitaBottiglie ) VALUES ( 93, 13, 5 );
INSERT INTO Dettagli ( Ordine, BottigliaDiVino, QuantitaBottiglie ) VALUES ( 94, 13, 1 );
INSERT INTO Dettagli ( Ordine, BottigliaDiVino, QuantitaBottiglie ) VALUES ( 94, 18, 10 );
INSERT INTO Dettagli ( Ordine, BottigliaDiVino, QuantitaBottiglie ) VALUES ( 95, 8, 5 );
INSERT INTO Dettagli ( Ordine, BottigliaDiVino, QuantitaBottiglie ) VALUES ( 95, 26, 1 );
INSERT INTO Dettagli ( Ordine, BottigliaDiVino, QuantitaBottiglie ) VALUES ( 95, 30, 1 );
INSERT INTO Dettagli ( Ordine, BottigliaDiVino, QuantitaBottiglie ) VALUES ( 95, 27, 8 );
INSERT INTO Dettagli ( Ordine, BottigliaDiVino, QuantitaBottiglie ) VALUES ( 96, 6, 5 );
INSERT INTO Dettagli ( Ordine, BottigliaDiVino, QuantitaBottiglie ) VALUES ( 96, 30, 9 );
INSERT INTO Dettagli ( Ordine, BottigliaDiVino, QuantitaBottiglie ) VALUES ( 96, 5, 6 );
INSERT INTO Dettagli ( Ordine, BottigliaDiVino, QuantitaBottiglie ) VALUES ( 97, 4, 8 );
INSERT INTO Dettagli ( Ordine, BottigliaDiVino, QuantitaBottiglie ) VALUES ( 97, 28, 9 );
INSERT INTO Dettagli ( Ordine, BottigliaDiVino, QuantitaBottiglie ) VALUES ( 97, 15, 3 );
INSERT INTO Dettagli ( Ordine, BottigliaDiVino, QuantitaBottiglie ) VALUES ( 97, 23, 8 );
INSERT INTO Dettagli ( Ordine, BottigliaDiVino, QuantitaBottiglie ) VALUES ( 98, 24, 9 );
INSERT INTO Dettagli ( Ordine, BottigliaDiVino, QuantitaBottiglie ) VALUES ( 98, 25, 8 );
INSERT INTO Dettagli ( Ordine, BottigliaDiVino, QuantitaBottiglie ) VALUES ( 99, 24, 7 );
INSERT INTO Dettagli ( Ordine, BottigliaDiVino, QuantitaBottiglie ) VALUES ( 100, 7, 9 );
INSERT INTO Dettagli ( Ordine, BottigliaDiVino, QuantitaBottiglie ) VALUES ( 100, 8, 4 );
INSERT INTO Dettagli ( Ordine, BottigliaDiVino, QuantitaBottiglie ) VALUES ( 100, 19, 4 );
INSERT INTO Dettagli ( Ordine, BottigliaDiVino, QuantitaBottiglie ) VALUES ( 100, 24, 6 );
INSERT INTO Dettagli ( Ordine, BottigliaDiVino, QuantitaBottiglie ) VALUES ( 101, 25, 10 );
INSERT INTO Dettagli ( Ordine, BottigliaDiVino, QuantitaBottiglie ) VALUES ( 101, 10, 3 );
INSERT INTO Dettagli ( Ordine, BottigliaDiVino, QuantitaBottiglie ) VALUES ( 101, 7, 7 );
INSERT INTO Dettagli ( Ordine, BottigliaDiVino, QuantitaBottiglie ) VALUES ( 101, 13, 10 );
INSERT INTO Dettagli ( Ordine, BottigliaDiVino, QuantitaBottiglie ) VALUES ( 102, 7, 8 );
INSERT INTO Dettagli ( Ordine, BottigliaDiVino, QuantitaBottiglie ) VALUES ( 102, 10, 6 );
INSERT INTO Dettagli ( Ordine, BottigliaDiVino, QuantitaBottiglie ) VALUES ( 103, 23, 7 );
INSERT INTO Dettagli ( Ordine, BottigliaDiVino, QuantitaBottiglie ) VALUES ( 103, 1, 7 );
INSERT INTO Dettagli ( Ordine, BottigliaDiVino, QuantitaBottiglie ) VALUES ( 104, 30, 7 );
INSERT INTO Dettagli ( Ordine, BottigliaDiVino, QuantitaBottiglie ) VALUES ( 104, 8, 1 );
INSERT INTO Dettagli ( Ordine, BottigliaDiVino, QuantitaBottiglie ) VALUES ( 104, 27, 1 );
INSERT INTO Dettagli ( Ordine, BottigliaDiVino, QuantitaBottiglie ) VALUES ( 104, 21, 8 );
INSERT INTO Dettagli ( Ordine, BottigliaDiVino, QuantitaBottiglie ) VALUES ( 105, 10, 9 );
INSERT INTO Dettagli ( Ordine, BottigliaDiVino, QuantitaBottiglie ) VALUES ( 105, 13, 8 );
INSERT INTO Dettagli ( Ordine, BottigliaDiVino, QuantitaBottiglie ) VALUES ( 105, 9, 10 );
INSERT INTO Dettagli ( Ordine, BottigliaDiVino, QuantitaBottiglie ) VALUES ( 106, 23, 4 );
INSERT INTO Dettagli ( Ordine, BottigliaDiVino, QuantitaBottiglie ) VALUES ( 106, 4, 5 );
INSERT INTO Dettagli ( Ordine, BottigliaDiVino, QuantitaBottiglie ) VALUES ( 107, 16, 7 );
INSERT INTO Dettagli ( Ordine, BottigliaDiVino, QuantitaBottiglie ) VALUES ( 107, 26, 2 );
INSERT INTO Dettagli ( Ordine, BottigliaDiVino, QuantitaBottiglie ) VALUES ( 108, 1, 2 );
INSERT INTO Dettagli ( Ordine, BottigliaDiVino, QuantitaBottiglie ) VALUES ( 108, 6, 10 );
INSERT INTO Dettagli ( Ordine, BottigliaDiVino, QuantitaBottiglie ) VALUES ( 108, 11, 7 );
INSERT INTO Dettagli ( Ordine, BottigliaDiVino, QuantitaBottiglie ) VALUES ( 108, 4, 3 );
INSERT INTO Dettagli ( Ordine, BottigliaDiVino, QuantitaBottiglie ) VALUES ( 109, 30, 9 );
INSERT INTO Dettagli ( Ordine, BottigliaDiVino, QuantitaBottiglie ) VALUES ( 109, 17, 6 );
INSERT INTO Dettagli ( Ordine, BottigliaDiVino, QuantitaBottiglie ) VALUES ( 109, 15, 4 );
INSERT INTO Dettagli ( Ordine, BottigliaDiVino, QuantitaBottiglie ) VALUES ( 109, 29, 3 );
INSERT INTO Dettagli ( Ordine, BottigliaDiVino, QuantitaBottiglie ) VALUES ( 110, 21, 1 );
INSERT INTO Dettagli ( Ordine, BottigliaDiVino, QuantitaBottiglie ) VALUES ( 110, 2, 1 );
INSERT INTO Dettagli ( Ordine, BottigliaDiVino, QuantitaBottiglie ) VALUES ( 110, 14, 2 );
INSERT INTO Dettagli ( Ordine, BottigliaDiVino, QuantitaBottiglie ) VALUES ( 111, 23, 10 );
INSERT INTO Dettagli ( Ordine, BottigliaDiVino, QuantitaBottiglie ) VALUES ( 111, 1, 7 );
INSERT INTO Dettagli ( Ordine, BottigliaDiVino, QuantitaBottiglie ) VALUES ( 111, 18, 4 );
INSERT INTO Dettagli ( Ordine, BottigliaDiVino, QuantitaBottiglie ) VALUES ( 112, 16, 10 );
INSERT INTO Dettagli ( Ordine, BottigliaDiVino, QuantitaBottiglie ) VALUES ( 112, 27, 6 );
INSERT INTO Dettagli ( Ordine, BottigliaDiVino, QuantitaBottiglie ) VALUES ( 112, 3, 4 );
INSERT INTO Dettagli ( Ordine, BottigliaDiVino, QuantitaBottiglie ) VALUES ( 113, 27, 9 );
INSERT INTO Dettagli ( Ordine, BottigliaDiVino, QuantitaBottiglie ) VALUES ( 113, 26, 2 );
INSERT INTO Dettagli ( Ordine, BottigliaDiVino, QuantitaBottiglie ) VALUES ( 113, 22, 6 );
INSERT INTO Dettagli ( Ordine, BottigliaDiVino, QuantitaBottiglie ) VALUES ( 113, 14, 2 );
INSERT INTO Dettagli ( Ordine, BottigliaDiVino, QuantitaBottiglie ) VALUES ( 114, 26, 7 );
INSERT INTO Dettagli ( Ordine, BottigliaDiVino, QuantitaBottiglie ) VALUES ( 114, 11, 10 );
INSERT INTO Dettagli ( Ordine, BottigliaDiVino, QuantitaBottiglie ) VALUES ( 114, 12, 10 );
INSERT INTO Dettagli ( Ordine, BottigliaDiVino, QuantitaBottiglie ) VALUES ( 114, 16, 3 );
INSERT INTO Dettagli ( Ordine, BottigliaDiVino, QuantitaBottiglie ) VALUES ( 115, 3, 10 );
INSERT INTO Dettagli ( Ordine, BottigliaDiVino, QuantitaBottiglie ) VALUES ( 115, 12, 2 );
INSERT INTO Dettagli ( Ordine, BottigliaDiVino, QuantitaBottiglie ) VALUES ( 116, 12, 6 );
INSERT INTO Dettagli ( Ordine, BottigliaDiVino, QuantitaBottiglie ) VALUES ( 117, 22, 3 );
INSERT INTO Dettagli ( Ordine, BottigliaDiVino, QuantitaBottiglie ) VALUES ( 117, 2, 2 );
INSERT INTO Dettagli ( Ordine, BottigliaDiVino, QuantitaBottiglie ) VALUES ( 117, 7, 2 );
INSERT INTO Dettagli ( Ordine, BottigliaDiVino, QuantitaBottiglie ) VALUES ( 118, 2, 7 );
INSERT INTO Dettagli ( Ordine, BottigliaDiVino, QuantitaBottiglie ) VALUES ( 118, 18, 2 );
INSERT INTO Dettagli ( Ordine, BottigliaDiVino, QuantitaBottiglie ) VALUES ( 118, 24, 5 );
INSERT INTO Dettagli ( Ordine, BottigliaDiVino, QuantitaBottiglie ) VALUES ( 119, 20, 4 );
INSERT INTO Dettagli ( Ordine, BottigliaDiVino, QuantitaBottiglie ) VALUES ( 119, 19, 4 );
INSERT INTO Dettagli ( Ordine, BottigliaDiVino, QuantitaBottiglie ) VALUES ( 119, 29, 4 );
INSERT INTO Dettagli ( Ordine, BottigliaDiVino, QuantitaBottiglie ) VALUES ( 120, 16, 10 );
INSERT INTO Dettagli ( Ordine, BottigliaDiVino, QuantitaBottiglie ) VALUES ( 121, 7, 2 );
INSERT INTO Dettagli ( Ordine, BottigliaDiVino, QuantitaBottiglie ) VALUES ( 121, 11, 10 );
INSERT INTO Dettagli ( Ordine, BottigliaDiVino, QuantitaBottiglie ) VALUES ( 121, 23, 5 );
INSERT INTO Dettagli ( Ordine, BottigliaDiVino, QuantitaBottiglie ) VALUES ( 122, 13, 9 );
INSERT INTO Dettagli ( Ordine, BottigliaDiVino, QuantitaBottiglie ) VALUES ( 122, 14, 9 );
INSERT INTO Dettagli ( Ordine, BottigliaDiVino, QuantitaBottiglie ) VALUES ( 122, 10, 1 );
INSERT INTO Dettagli ( Ordine, BottigliaDiVino, QuantitaBottiglie ) VALUES ( 122, 22, 9 );
INSERT INTO Dettagli ( Ordine, BottigliaDiVino, QuantitaBottiglie ) VALUES ( 123, 15, 6 );
INSERT INTO Dettagli ( Ordine, BottigliaDiVino, QuantitaBottiglie ) VALUES ( 123, 19, 1 );
INSERT INTO Dettagli ( Ordine, BottigliaDiVino, QuantitaBottiglie ) VALUES ( 123, 25, 4 );
INSERT INTO Dettagli ( Ordine, BottigliaDiVino, QuantitaBottiglie ) VALUES ( 124, 20, 10 );
INSERT INTO Dettagli ( Ordine, BottigliaDiVino, QuantitaBottiglie ) VALUES ( 124, 24, 1 );
INSERT INTO Dettagli ( Ordine, BottigliaDiVino, QuantitaBottiglie ) VALUES ( 125, 25, 7 );
INSERT INTO Dettagli ( Ordine, BottigliaDiVino, QuantitaBottiglie ) VALUES ( 126, 12, 9 );
INSERT INTO Dettagli ( Ordine, BottigliaDiVino, QuantitaBottiglie ) VALUES ( 126, 24, 9 );
INSERT INTO Dettagli ( Ordine, BottigliaDiVino, QuantitaBottiglie ) VALUES ( 127, 2, 10 );
INSERT INTO Dettagli ( Ordine, BottigliaDiVino, QuantitaBottiglie ) VALUES ( 127, 23, 3 );
INSERT INTO Dettagli ( Ordine, BottigliaDiVino, QuantitaBottiglie ) VALUES ( 127, 7, 1 );
INSERT INTO Dettagli ( Ordine, BottigliaDiVino, QuantitaBottiglie ) VALUES ( 128, 6, 5 );
INSERT INTO Dettagli ( Ordine, BottigliaDiVino, QuantitaBottiglie ) VALUES ( 128, 22, 3 );
INSERT INTO Dettagli ( Ordine, BottigliaDiVino, QuantitaBottiglie ) VALUES ( 128, 10, 1 );
INSERT INTO Dettagli ( Ordine, BottigliaDiVino, QuantitaBottiglie ) VALUES ( 128, 14, 6 );
INSERT INTO Dettagli ( Ordine, BottigliaDiVino, QuantitaBottiglie ) VALUES ( 129, 14, 10 );
INSERT INTO Dettagli ( Ordine, BottigliaDiVino, QuantitaBottiglie ) VALUES ( 129, 27, 5 );
INSERT INTO Dettagli ( Ordine, BottigliaDiVino, QuantitaBottiglie ) VALUES ( 129, 7, 8 );
INSERT INTO Dettagli ( Ordine, BottigliaDiVino, QuantitaBottiglie ) VALUES ( 130, 30, 9 );
INSERT INTO Dettagli ( Ordine, BottigliaDiVino, QuantitaBottiglie ) VALUES ( 130, 19, 4 );
INSERT INTO Dettagli ( Ordine, BottigliaDiVino, QuantitaBottiglie ) VALUES ( 131, 24, 4 );
INSERT INTO Dettagli ( Ordine, BottigliaDiVino, QuantitaBottiglie ) VALUES ( 131, 26, 9 );
INSERT INTO Dettagli ( Ordine, BottigliaDiVino, QuantitaBottiglie ) VALUES ( 132, 13, 8 );
INSERT INTO Dettagli ( Ordine, BottigliaDiVino, QuantitaBottiglie ) VALUES ( 132, 21, 7 );
INSERT INTO Dettagli ( Ordine, BottigliaDiVino, QuantitaBottiglie ) VALUES ( 132, 29, 2 );
INSERT INTO Dettagli ( Ordine, BottigliaDiVino, QuantitaBottiglie ) VALUES ( 132, 2, 5 );
INSERT INTO Dettagli ( Ordine, BottigliaDiVino, QuantitaBottiglie ) VALUES ( 133, 26, 4 );
INSERT INTO Dettagli ( Ordine, BottigliaDiVino, QuantitaBottiglie ) VALUES ( 133, 23, 2 );
INSERT INTO Dettagli ( Ordine, BottigliaDiVino, QuantitaBottiglie ) VALUES ( 134, 20, 5 );
INSERT INTO Dettagli ( Ordine, BottigliaDiVino, QuantitaBottiglie ) VALUES ( 134, 21, 1 );
INSERT INTO Dettagli ( Ordine, BottigliaDiVino, QuantitaBottiglie ) VALUES ( 134, 14, 3 );
INSERT INTO Dettagli ( Ordine, BottigliaDiVino, QuantitaBottiglie ) VALUES ( 134, 2, 6 );
INSERT INTO Dettagli ( Ordine, BottigliaDiVino, QuantitaBottiglie ) VALUES ( 135, 25, 6 );
INSERT INTO Dettagli ( Ordine, BottigliaDiVino, QuantitaBottiglie ) VALUES ( 136, 6, 8 );
INSERT INTO Dettagli ( Ordine, BottigliaDiVino, QuantitaBottiglie ) VALUES ( 137, 15, 2 );
INSERT INTO Dettagli ( Ordine, BottigliaDiVino, QuantitaBottiglie ) VALUES ( 137, 4, 9 );
INSERT INTO Dettagli ( Ordine, BottigliaDiVino, QuantitaBottiglie ) VALUES ( 137, 2, 7 );
INSERT INTO Dettagli ( Ordine, BottigliaDiVino, QuantitaBottiglie ) VALUES ( 138, 12, 8 );
INSERT INTO Dettagli ( Ordine, BottigliaDiVino, QuantitaBottiglie ) VALUES ( 138, 2, 7 );
INSERT INTO Dettagli ( Ordine, BottigliaDiVino, QuantitaBottiglie ) VALUES ( 139, 17, 9 );
INSERT INTO Dettagli ( Ordine, BottigliaDiVino, QuantitaBottiglie ) VALUES ( 139, 21, 2 );
INSERT INTO Dettagli ( Ordine, BottigliaDiVino, QuantitaBottiglie ) VALUES ( 140, 9, 10 );
INSERT INTO Dettagli ( Ordine, BottigliaDiVino, QuantitaBottiglie ) VALUES ( 141, 19, 2 );
INSERT INTO Dettagli ( Ordine, BottigliaDiVino, QuantitaBottiglie ) VALUES ( 141, 7, 8 );
INSERT INTO Dettagli ( Ordine, BottigliaDiVino, QuantitaBottiglie ) VALUES ( 142, 7, 1 );
INSERT INTO Dettagli ( Ordine, BottigliaDiVino, QuantitaBottiglie ) VALUES ( 142, 16, 7 );
INSERT INTO Dettagli ( Ordine, BottigliaDiVino, QuantitaBottiglie ) VALUES ( 142, 10, 5 );
INSERT INTO Dettagli ( Ordine, BottigliaDiVino, QuantitaBottiglie ) VALUES ( 142, 20, 9 );
INSERT INTO Dettagli ( Ordine, BottigliaDiVino, QuantitaBottiglie ) VALUES ( 143, 6, 5 );
INSERT INTO Dettagli ( Ordine, BottigliaDiVino, QuantitaBottiglie ) VALUES ( 144, 24, 1 );
INSERT INTO Dettagli ( Ordine, BottigliaDiVino, QuantitaBottiglie ) VALUES ( 145, 15, 2 );
INSERT INTO Dettagli ( Ordine, BottigliaDiVino, QuantitaBottiglie ) VALUES ( 145, 26, 9 );
INSERT INTO Dettagli ( Ordine, BottigliaDiVino, QuantitaBottiglie ) VALUES ( 145, 10, 10 );
INSERT INTO Dettagli ( Ordine, BottigliaDiVino, QuantitaBottiglie ) VALUES ( 145, 3, 7 );
INSERT INTO Dettagli ( Ordine, BottigliaDiVino, QuantitaBottiglie ) VALUES ( 146, 20, 1 );
INSERT INTO Dettagli ( Ordine, BottigliaDiVino, QuantitaBottiglie ) VALUES ( 147, 15, 7 );
INSERT INTO Dettagli ( Ordine, BottigliaDiVino, QuantitaBottiglie ) VALUES ( 147, 16, 8 );
INSERT INTO Dettagli ( Ordine, BottigliaDiVino, QuantitaBottiglie ) VALUES ( 147, 14, 9 );
INSERT INTO Dettagli ( Ordine, BottigliaDiVino, QuantitaBottiglie ) VALUES ( 148, 14, 4 );
INSERT INTO Dettagli ( Ordine, BottigliaDiVino, QuantitaBottiglie ) VALUES ( 148, 16, 6 );
INSERT INTO Dettagli ( Ordine, BottigliaDiVino, QuantitaBottiglie ) VALUES ( 148, 12, 2 );
INSERT INTO Dettagli ( Ordine, BottigliaDiVino, QuantitaBottiglie ) VALUES ( 149, 11, 8 );
INSERT INTO Dettagli ( Ordine, BottigliaDiVino, QuantitaBottiglie ) VALUES ( 149, 7, 5 );
INSERT INTO Dettagli ( Ordine, BottigliaDiVino, QuantitaBottiglie ) VALUES ( 150, 4, 7 );
INSERT INTO Dettagli ( Ordine, BottigliaDiVino, QuantitaBottiglie ) VALUES ( 150, 12, 5 );
INSERT INTO Dettagli ( Ordine, BottigliaDiVino, QuantitaBottiglie ) VALUES ( 151, 16, 6 );
INSERT INTO Dettagli ( Ordine, BottigliaDiVino, QuantitaBottiglie ) VALUES ( 151, 25, 5 );
INSERT INTO Dettagli ( Ordine, BottigliaDiVino, QuantitaBottiglie ) VALUES ( 151, 6, 7 );
INSERT INTO Dettagli ( Ordine, BottigliaDiVino, QuantitaBottiglie ) VALUES ( 152, 13, 10 );
INSERT INTO Dettagli ( Ordine, BottigliaDiVino, QuantitaBottiglie ) VALUES ( 152, 2, 2 );
INSERT INTO Dettagli ( Ordine, BottigliaDiVino, QuantitaBottiglie ) VALUES ( 153, 8, 5 );
INSERT INTO Dettagli ( Ordine, BottigliaDiVino, QuantitaBottiglie ) VALUES ( 154, 7, 7 );
INSERT INTO Dettagli ( Ordine, BottigliaDiVino, QuantitaBottiglie ) VALUES ( 154, 15, 3 );
INSERT INTO Dettagli ( Ordine, BottigliaDiVino, QuantitaBottiglie ) VALUES ( 154, 27, 1 );
INSERT INTO Dettagli ( Ordine, BottigliaDiVino, QuantitaBottiglie ) VALUES ( 155, 13, 4 );
INSERT INTO Dettagli ( Ordine, BottigliaDiVino, QuantitaBottiglie ) VALUES ( 155, 3, 1 );
INSERT INTO Dettagli ( Ordine, BottigliaDiVino, QuantitaBottiglie ) VALUES ( 155, 20, 8 );
INSERT INTO Dettagli ( Ordine, BottigliaDiVino, QuantitaBottiglie ) VALUES ( 156, 1, 9 );
INSERT INTO Dettagli ( Ordine, BottigliaDiVino, QuantitaBottiglie ) VALUES ( 156, 16, 2 );
INSERT INTO Dettagli ( Ordine, BottigliaDiVino, QuantitaBottiglie ) VALUES ( 156, 2, 9 );
INSERT INTO Dettagli ( Ordine, BottigliaDiVino, QuantitaBottiglie ) VALUES ( 156, 28, 3 );
INSERT INTO Dettagli ( Ordine, BottigliaDiVino, QuantitaBottiglie ) VALUES ( 157, 1, 1 );
INSERT INTO Dettagli ( Ordine, BottigliaDiVino, QuantitaBottiglie ) VALUES ( 158, 12, 5 );
INSERT INTO Dettagli ( Ordine, BottigliaDiVino, QuantitaBottiglie ) VALUES ( 158, 26, 6 );
INSERT INTO Dettagli ( Ordine, BottigliaDiVino, QuantitaBottiglie ) VALUES ( 158, 5, 9 );
INSERT INTO Dettagli ( Ordine, BottigliaDiVino, QuantitaBottiglie ) VALUES ( 158, 10, 10 );
INSERT INTO Dettagli ( Ordine, BottigliaDiVino, QuantitaBottiglie ) VALUES ( 159, 13, 8 );
INSERT INTO Dettagli ( Ordine, BottigliaDiVino, QuantitaBottiglie ) VALUES ( 159, 27, 8 );
INSERT INTO Dettagli ( Ordine, BottigliaDiVino, QuantitaBottiglie ) VALUES ( 160, 21, 8 );
INSERT INTO Dettagli ( Ordine, BottigliaDiVino, QuantitaBottiglie ) VALUES ( 160, 24, 8 );
INSERT INTO Dettagli ( Ordine, BottigliaDiVino, QuantitaBottiglie ) VALUES ( 160, 1, 2 );
INSERT INTO Dettagli ( Ordine, BottigliaDiVino, QuantitaBottiglie ) VALUES ( 161, 28, 4 );
INSERT INTO Dettagli ( Ordine, BottigliaDiVino, QuantitaBottiglie ) VALUES ( 162, 20, 8 );
INSERT INTO Dettagli ( Ordine, BottigliaDiVino, QuantitaBottiglie ) VALUES ( 162, 1, 9 );
INSERT INTO Dettagli ( Ordine, BottigliaDiVino, QuantitaBottiglie ) VALUES ( 162, 28, 8 );
INSERT INTO Dettagli ( Ordine, BottigliaDiVino, QuantitaBottiglie ) VALUES ( 163, 5, 1 );
INSERT INTO Dettagli ( Ordine, BottigliaDiVino, QuantitaBottiglie ) VALUES ( 163, 25, 9 );
INSERT INTO Dettagli ( Ordine, BottigliaDiVino, QuantitaBottiglie ) VALUES ( 163, 13, 7 );
INSERT INTO Dettagli ( Ordine, BottigliaDiVino, QuantitaBottiglie ) VALUES ( 163, 21, 6 );
INSERT INTO Dettagli ( Ordine, BottigliaDiVino, QuantitaBottiglie ) VALUES ( 164, 7, 9 );
INSERT INTO Dettagli ( Ordine, BottigliaDiVino, QuantitaBottiglie ) VALUES ( 164, 4, 7 );
INSERT INTO Dettagli ( Ordine, BottigliaDiVino, QuantitaBottiglie ) VALUES ( 164, 23, 4 );
INSERT INTO Dettagli ( Ordine, BottigliaDiVino, QuantitaBottiglie ) VALUES ( 165, 18, 8 );
INSERT INTO Dettagli ( Ordine, BottigliaDiVino, QuantitaBottiglie ) VALUES ( 165, 15, 7 );
INSERT INTO Dettagli ( Ordine, BottigliaDiVino, QuantitaBottiglie ) VALUES ( 165, 30, 6 );
INSERT INTO Dettagli ( Ordine, BottigliaDiVino, QuantitaBottiglie ) VALUES ( 165, 23, 5 );
INSERT INTO Dettagli ( Ordine, BottigliaDiVino, QuantitaBottiglie ) VALUES ( 166, 5, 7 );
INSERT INTO Dettagli ( Ordine, BottigliaDiVino, QuantitaBottiglie ) VALUES ( 166, 11, 9 );
INSERT INTO Dettagli ( Ordine, BottigliaDiVino, QuantitaBottiglie ) VALUES ( 166, 17, 5 );
INSERT INTO Dettagli ( Ordine, BottigliaDiVino, QuantitaBottiglie ) VALUES ( 167, 15, 9 );
INSERT INTO Dettagli ( Ordine, BottigliaDiVino, QuantitaBottiglie ) VALUES ( 167, 5, 4 );
INSERT INTO Dettagli ( Ordine, BottigliaDiVino, QuantitaBottiglie ) VALUES ( 167, 28, 3 );
INSERT INTO Dettagli ( Ordine, BottigliaDiVino, QuantitaBottiglie ) VALUES ( 168, 5, 6 );
INSERT INTO Dettagli ( Ordine, BottigliaDiVino, QuantitaBottiglie ) VALUES ( 168, 12, 3 );
INSERT INTO Dettagli ( Ordine, BottigliaDiVino, QuantitaBottiglie ) VALUES ( 168, 10, 6 );
INSERT INTO Dettagli ( Ordine, BottigliaDiVino, QuantitaBottiglie ) VALUES ( 168, 6, 10 );
INSERT INTO Dettagli ( Ordine, BottigliaDiVino, QuantitaBottiglie ) VALUES ( 169, 3, 9 );
INSERT INTO Dettagli ( Ordine, BottigliaDiVino, QuantitaBottiglie ) VALUES ( 169, 9, 1 );
INSERT INTO Dettagli ( Ordine, BottigliaDiVino, QuantitaBottiglie ) VALUES ( 170, 17, 3 );
INSERT INTO Dettagli ( Ordine, BottigliaDiVino, QuantitaBottiglie ) VALUES ( 170, 15, 9 );
INSERT INTO Dettagli ( Ordine, BottigliaDiVino, QuantitaBottiglie ) VALUES ( 171, 21, 8 );
INSERT INTO Dettagli ( Ordine, BottigliaDiVino, QuantitaBottiglie ) VALUES ( 171, 16, 5 );
INSERT INTO Dettagli ( Ordine, BottigliaDiVino, QuantitaBottiglie ) VALUES ( 171, 12, 7 );
INSERT INTO Dettagli ( Ordine, BottigliaDiVino, QuantitaBottiglie ) VALUES ( 172, 13, 5 );
INSERT INTO Dettagli ( Ordine, BottigliaDiVino, QuantitaBottiglie ) VALUES ( 172, 14, 3 );
INSERT INTO Dettagli ( Ordine, BottigliaDiVino, QuantitaBottiglie ) VALUES ( 172, 17, 10 );
INSERT INTO Dettagli ( Ordine, BottigliaDiVino, QuantitaBottiglie ) VALUES ( 172, 27, 5 );
INSERT INTO Dettagli ( Ordine, BottigliaDiVino, QuantitaBottiglie ) VALUES ( 173, 15, 1 );
INSERT INTO Dettagli ( Ordine, BottigliaDiVino, QuantitaBottiglie ) VALUES ( 173, 14, 9 );
INSERT INTO Dettagli ( Ordine, BottigliaDiVino, QuantitaBottiglie ) VALUES ( 173, 16, 1 );
INSERT INTO Dettagli ( Ordine, BottigliaDiVino, QuantitaBottiglie ) VALUES ( 173, 23, 3 );
INSERT INTO Dettagli ( Ordine, BottigliaDiVino, QuantitaBottiglie ) VALUES ( 174, 19, 9 );
INSERT INTO Dettagli ( Ordine, BottigliaDiVino, QuantitaBottiglie ) VALUES ( 175, 25, 3 );
INSERT INTO Dettagli ( Ordine, BottigliaDiVino, QuantitaBottiglie ) VALUES ( 176, 21, 2 );
INSERT INTO Dettagli ( Ordine, BottigliaDiVino, QuantitaBottiglie ) VALUES ( 176, 10, 10 );
INSERT INTO Dettagli ( Ordine, BottigliaDiVino, QuantitaBottiglie ) VALUES ( 176, 9, 5 );
INSERT INTO Dettagli ( Ordine, BottigliaDiVino, QuantitaBottiglie ) VALUES ( 176, 18, 1 );
INSERT INTO Dettagli ( Ordine, BottigliaDiVino, QuantitaBottiglie ) VALUES ( 177, 13, 5 );
INSERT INTO Dettagli ( Ordine, BottigliaDiVino, QuantitaBottiglie ) VALUES ( 178, 4, 4 );
INSERT INTO Dettagli ( Ordine, BottigliaDiVino, QuantitaBottiglie ) VALUES ( 178, 30, 4 );
INSERT INTO Dettagli ( Ordine, BottigliaDiVino, QuantitaBottiglie ) VALUES ( 179, 6, 3 );
INSERT INTO Dettagli ( Ordine, BottigliaDiVino, QuantitaBottiglie ) VALUES ( 179, 12, 2 );
INSERT INTO Dettagli ( Ordine, BottigliaDiVino, QuantitaBottiglie ) VALUES ( 179, 26, 9 );
INSERT INTO Dettagli ( Ordine, BottigliaDiVino, QuantitaBottiglie ) VALUES ( 179, 15, 10 );
INSERT INTO Dettagli ( Ordine, BottigliaDiVino, QuantitaBottiglie ) VALUES ( 180, 29, 4 );
INSERT INTO Dettagli ( Ordine, BottigliaDiVino, QuantitaBottiglie ) VALUES ( 181, 9, 9 );
INSERT INTO Dettagli ( Ordine, BottigliaDiVino, QuantitaBottiglie ) VALUES ( 181, 29, 4 );
INSERT INTO Dettagli ( Ordine, BottigliaDiVino, QuantitaBottiglie ) VALUES ( 182, 23, 2 );
INSERT INTO Dettagli ( Ordine, BottigliaDiVino, QuantitaBottiglie ) VALUES ( 182, 18, 3 );
INSERT INTO Dettagli ( Ordine, BottigliaDiVino, QuantitaBottiglie ) VALUES ( 183, 21, 9 );
INSERT INTO Dettagli ( Ordine, BottigliaDiVino, QuantitaBottiglie ) VALUES ( 183, 10, 8 );
INSERT INTO Dettagli ( Ordine, BottigliaDiVino, QuantitaBottiglie ) VALUES ( 183, 22, 8 );
INSERT INTO Dettagli ( Ordine, BottigliaDiVino, QuantitaBottiglie ) VALUES ( 183, 7, 2 );
INSERT INTO Dettagli ( Ordine, BottigliaDiVino, QuantitaBottiglie ) VALUES ( 184, 9, 7 );
INSERT INTO Dettagli ( Ordine, BottigliaDiVino, QuantitaBottiglie ) VALUES ( 184, 26, 1 );
INSERT INTO Dettagli ( Ordine, BottigliaDiVino, QuantitaBottiglie ) VALUES ( 184, 16, 5 );
INSERT INTO Dettagli ( Ordine, BottigliaDiVino, QuantitaBottiglie ) VALUES ( 185, 13, 3 );
INSERT INTO Dettagli ( Ordine, BottigliaDiVino, QuantitaBottiglie ) VALUES ( 185, 12, 8 );
INSERT INTO Dettagli ( Ordine, BottigliaDiVino, QuantitaBottiglie ) VALUES ( 186, 20, 4 );
INSERT INTO Dettagli ( Ordine, BottigliaDiVino, QuantitaBottiglie ) VALUES ( 186, 29, 9 );
INSERT INTO Dettagli ( Ordine, BottigliaDiVino, QuantitaBottiglie ) VALUES ( 186, 15, 4 );
INSERT INTO Dettagli ( Ordine, BottigliaDiVino, QuantitaBottiglie ) VALUES ( 187, 9, 6 );
INSERT INTO Dettagli ( Ordine, BottigliaDiVino, QuantitaBottiglie ) VALUES ( 188, 19, 5 );
INSERT INTO Dettagli ( Ordine, BottigliaDiVino, QuantitaBottiglie ) VALUES ( 188, 17, 3 );
INSERT INTO Dettagli ( Ordine, BottigliaDiVino, QuantitaBottiglie ) VALUES ( 189, 25, 6 );
INSERT INTO Dettagli ( Ordine, BottigliaDiVino, QuantitaBottiglie ) VALUES ( 189, 1, 2 );
INSERT INTO Dettagli ( Ordine, BottigliaDiVino, QuantitaBottiglie ) VALUES ( 189, 16, 6 );
INSERT INTO Dettagli ( Ordine, BottigliaDiVino, QuantitaBottiglie ) VALUES ( 189, 14, 3 );
INSERT INTO Dettagli ( Ordine, BottigliaDiVino, QuantitaBottiglie ) VALUES ( 190, 17, 9 );
INSERT INTO Dettagli ( Ordine, BottigliaDiVino, QuantitaBottiglie ) VALUES ( 190, 9, 6 );
INSERT INTO Dettagli ( Ordine, BottigliaDiVino, QuantitaBottiglie ) VALUES ( 190, 1, 2 );
INSERT INTO Dettagli ( Ordine, BottigliaDiVino, QuantitaBottiglie ) VALUES ( 191, 5, 9 );
INSERT INTO Dettagli ( Ordine, BottigliaDiVino, QuantitaBottiglie ) VALUES ( 192, 18, 4 );
INSERT INTO Dettagli ( Ordine, BottigliaDiVino, QuantitaBottiglie ) VALUES ( 193, 27, 2 );
INSERT INTO Dettagli ( Ordine, BottigliaDiVino, QuantitaBottiglie ) VALUES ( 193, 7, 2 );
INSERT INTO Dettagli ( Ordine, BottigliaDiVino, QuantitaBottiglie ) VALUES ( 194, 2, 8 );
INSERT INTO Dettagli ( Ordine, BottigliaDiVino, QuantitaBottiglie ) VALUES ( 194, 27, 8 );
INSERT INTO Dettagli ( Ordine, BottigliaDiVino, QuantitaBottiglie ) VALUES ( 195, 5, 8 );
INSERT INTO Dettagli ( Ordine, BottigliaDiVino, QuantitaBottiglie ) VALUES ( 195, 7, 8 );
INSERT INTO Dettagli ( Ordine, BottigliaDiVino, QuantitaBottiglie ) VALUES ( 195, 21, 7 );
INSERT INTO Dettagli ( Ordine, BottigliaDiVino, QuantitaBottiglie ) VALUES ( 196, 17, 3 );
INSERT INTO Dettagli ( Ordine, BottigliaDiVino, QuantitaBottiglie ) VALUES ( 197, 9, 3 );
INSERT INTO Dettagli ( Ordine, BottigliaDiVino, QuantitaBottiglie ) VALUES ( 197, 30, 10 );
INSERT INTO Dettagli ( Ordine, BottigliaDiVino, QuantitaBottiglie ) VALUES ( 197, 27, 1 );
INSERT INTO Dettagli ( Ordine, BottigliaDiVino, QuantitaBottiglie ) VALUES ( 198, 1, 3 );
INSERT INTO Dettagli ( Ordine, BottigliaDiVino, QuantitaBottiglie ) VALUES ( 199, 13, 9 );
INSERT INTO Dettagli ( Ordine, BottigliaDiVino, QuantitaBottiglie ) VALUES ( 199, 24, 2 );
INSERT INTO Dettagli ( Ordine, BottigliaDiVino, QuantitaBottiglie ) VALUES ( 199, 16, 10 );
INSERT INTO Dettagli ( Ordine, BottigliaDiVino, QuantitaBottiglie ) VALUES ( 200, 6, 2 );
INSERT INTO Corrieri ( Nome ) VALUES ( 'Corriere0' );
INSERT INTO Corrieri ( Nome ) VALUES ( 'Corriere1' );
INSERT INTO Corrieri ( Nome ) VALUES ( 'Corriere2' );
INSERT INTO Corrieri ( Nome ) VALUES ( 'Corriere3' );
INSERT INTO Corrieri ( Nome ) VALUES ( 'Corriere4' );
INSERT INTO Spedizioni ( Ordine, Corriere, DataSpedizione, Prezzo ) VALUES ( 1, 5, '2002-04-02', 1366 );
INSERT INTO Spedizioni ( Ordine, Corriere, DataSpedizione, Prezzo ) VALUES ( 2, 4, '2009-07-21', 611 );
INSERT INTO Spedizioni ( Ordine, Corriere, DataSpedizione, Prezzo ) VALUES ( 3, 2, '2005-03-02', 374 );
INSERT INTO Spedizioni ( Ordine, Corriere, DataSpedizione, Prezzo ) VALUES ( 4, 3, '2007-09-13', 1809 );
INSERT INTO Spedizioni ( Ordine, Corriere, DataSpedizione, Prezzo ) VALUES ( 5, 1, '2005-02-09', 1360 );
INSERT INTO Spedizioni ( Ordine, Corriere, DataSpedizione, Prezzo ) VALUES ( 6, 2, '2006-08-17', 258 );
INSERT INTO Spedizioni ( Ordine, Corriere, DataSpedizione, Prezzo ) VALUES ( 7, 2, '2000-11-19', 1699 );
INSERT INTO Spedizioni ( Ordine, Corriere, DataSpedizione, Prezzo ) VALUES ( 8, 1, '2002-12-01', 994 );
INSERT INTO Spedizioni ( Ordine, Corriere, DataSpedizione, Prezzo ) VALUES ( 9, 3, '2009-05-23', 583 );
INSERT INTO Spedizioni ( Ordine, Corriere, DataSpedizione, Prezzo ) VALUES ( 10, 5, '2007-05-12', 678 );
INSERT INTO Spedizioni ( Ordine, Corriere, DataSpedizione, Prezzo ) VALUES ( 11, 5, '2007-01-09', 1206 );
INSERT INTO Spedizioni ( Ordine, Corriere, DataSpedizione, Prezzo ) VALUES ( 12, 2, '2004-07-07', 1474 );
INSERT INTO Spedizioni ( Ordine, Corriere, DataSpedizione, Prezzo ) VALUES ( 13, 2, '2009-07-06', 232 );
INSERT INTO Spedizioni ( Ordine, Corriere, DataSpedizione, Prezzo ) VALUES ( 14, 4, '2004-12-01', 1182 );
INSERT INTO Spedizioni ( Ordine, Corriere, DataSpedizione, Prezzo ) VALUES ( 15, 1, '2006-10-17', 623 );
INSERT INTO Spedizioni ( Ordine, Corriere, DataSpedizione, Prezzo ) VALUES ( 16, 3, '2000-11-16', 642 );
INSERT INTO Spedizioni ( Ordine, Corriere, DataSpedizione, Prezzo ) VALUES ( 17, 5, '2008-08-08', 363 );
INSERT INTO Spedizioni ( Ordine, Corriere, DataSpedizione, Prezzo ) VALUES ( 18, 3, '2000-03-07', 1248 );
INSERT INTO Spedizioni ( Ordine, Corriere, DataSpedizione, Prezzo ) VALUES ( 19, 4, '2001-06-22', 636 );
INSERT INTO Spedizioni ( Ordine, Corriere, DataSpedizione, Prezzo ) VALUES ( 20, 3, '2006-11-27', 948 );
INSERT INTO Spedizioni ( Ordine, Corriere, DataSpedizione, Prezzo ) VALUES ( 21, 2, '2010-05-13', 1509 );
INSERT INTO Spedizioni ( Ordine, Corriere, DataSpedizione, Prezzo ) VALUES ( 22, 2, '2003-08-20', 226 );
INSERT INTO Spedizioni ( Ordine, Corriere, DataSpedizione, Prezzo ) VALUES ( 23, 1, '2003-08-13', 803 );
INSERT INTO Spedizioni ( Ordine, Corriere, DataSpedizione, Prezzo ) VALUES ( 24, 5, '2010-08-12', 649 );
INSERT INTO Spedizioni ( Ordine, Corriere, DataSpedizione, Prezzo ) VALUES ( 25, 4, '2005-02-11', 624 );
INSERT INTO Spedizioni ( Ordine, Corriere, DataSpedizione, Prezzo ) VALUES ( 26, 1, '2004-02-20', 1196 );
INSERT INTO Spedizioni ( Ordine, Corriere, DataSpedizione, Prezzo ) VALUES ( 27, 2, '2008-06-17', 1143 );
INSERT INTO Spedizioni ( Ordine, Corriere, DataSpedizione, Prezzo ) VALUES ( 28, 5, '2005-12-18', 556 );
INSERT INTO Spedizioni ( Ordine, Corriere, DataSpedizione, Prezzo ) VALUES ( 29, 4, '2003-11-16', 1468 );
INSERT INTO Spedizioni ( Ordine, Corriere, DataSpedizione, Prezzo ) VALUES ( 30, 2, '2001-08-07', 1699 );
INSERT INTO Spedizioni ( Ordine, Corriere, DataSpedizione, Prezzo ) VALUES ( 31, 5, '2006-08-27', 1726 );
INSERT INTO Spedizioni ( Ordine, Corriere, DataSpedizione, Prezzo ) VALUES ( 32, 2, '2004-10-13', 614 );
INSERT INTO Spedizioni ( Ordine, Corriere, DataSpedizione, Prezzo ) VALUES ( 33, 3, '2001-05-18', 1648 );
INSERT INTO Spedizioni ( Ordine, Corriere, DataSpedizione, Prezzo ) VALUES ( 34, 2, '2009-04-27', 1432 );
INSERT INTO Spedizioni ( Ordine, Corriere, DataSpedizione, Prezzo ) VALUES ( 35, 1, '2002-07-10', 1941 );
INSERT INTO Spedizioni ( Ordine, Corriere, DataSpedizione, Prezzo ) VALUES ( 36, 2, '2007-11-24', 1813 );
INSERT INTO Spedizioni ( Ordine, Corriere, DataSpedizione, Prezzo ) VALUES ( 37, 3, '2002-11-08', 159 );
INSERT INTO Spedizioni ( Ordine, Corriere, DataSpedizione, Prezzo ) VALUES ( 38, 4, '2003-06-09', 718 );
INSERT INTO Spedizioni ( Ordine, Corriere, DataSpedizione, Prezzo ) VALUES ( 39, 1, '2010-10-01', 1918 );
INSERT INTO Spedizioni ( Ordine, Corriere, DataSpedizione, Prezzo ) VALUES ( 40, 4, '2008-05-24', 1022 );
INSERT INTO Spedizioni ( Ordine, Corriere, DataSpedizione, Prezzo ) VALUES ( 41, 4, '2007-07-21', 2000 );
INSERT INTO Spedizioni ( Ordine, Corriere, DataSpedizione, Prezzo ) VALUES ( 42, 1, '2007-08-12', 1921 );
INSERT INTO Spedizioni ( Ordine, Corriere, DataSpedizione, Prezzo ) VALUES ( 43, 4, '2004-09-28', 1890 );
INSERT INTO Spedizioni ( Ordine, Corriere, DataSpedizione, Prezzo ) VALUES ( 44, 3, '2004-04-05', 428 );
INSERT INTO Spedizioni ( Ordine, Corriere, DataSpedizione, Prezzo ) VALUES ( 45, 1, '2008-05-17', 679 );
INSERT INTO Spedizioni ( Ordine, Corriere, DataSpedizione, Prezzo ) VALUES ( 46, 4, '2002-06-28', 1221 );
INSERT INTO Spedizioni ( Ordine, Corriere, DataSpedizione, Prezzo ) VALUES ( 47, 4, '2009-10-21', 512 );
INSERT INTO Spedizioni ( Ordine, Corriere, DataSpedizione, Prezzo ) VALUES ( 48, 5, '2005-06-22', 1566 );
INSERT INTO Spedizioni ( Ordine, Corriere, DataSpedizione, Prezzo ) VALUES ( 49, 5, '2009-04-22', 602 );
INSERT INTO Spedizioni ( Ordine, Corriere, DataSpedizione, Prezzo ) VALUES ( 50, 1, '2005-11-21', 899 );
INSERT INTO Spedizioni ( Ordine, Corriere, DataSpedizione, Prezzo ) VALUES ( 51, 1, '2006-05-07', 373 );
INSERT INTO Spedizioni ( Ordine, Corriere, DataSpedizione, Prezzo ) VALUES ( 52, 5, '2001-08-26', 1790 );
INSERT INTO Spedizioni ( Ordine, Corriere, DataSpedizione, Prezzo ) VALUES ( 53, 1, '2001-12-25', 131 );
INSERT INTO Spedizioni ( Ordine, Corriere, DataSpedizione, Prezzo ) VALUES ( 54, 1, '2005-07-05', 326 );
INSERT INTO Spedizioni ( Ordine, Corriere, DataSpedizione, Prezzo ) VALUES ( 55, 1, '2000-09-18', 149 );
INSERT INTO Spedizioni ( Ordine, Corriere, DataSpedizione, Prezzo ) VALUES ( 56, 2, '2008-03-08', 410 );
INSERT INTO Spedizioni ( Ordine, Corriere, DataSpedizione, Prezzo ) VALUES ( 57, 5, '2006-06-22', 1665 );
INSERT INTO Spedizioni ( Ordine, Corriere, DataSpedizione, Prezzo ) VALUES ( 58, 5, '2004-07-25', 1645 );
INSERT INTO Spedizioni ( Ordine, Corriere, DataSpedizione, Prezzo ) VALUES ( 59, 5, '2002-05-14', 469 );
INSERT INTO Spedizioni ( Ordine, Corriere, DataSpedizione, Prezzo ) VALUES ( 60, 4, '2001-03-04', 682 );
INSERT INTO Spedizioni ( Ordine, Corriere, DataSpedizione, Prezzo ) VALUES ( 61, 4, '2010-11-16', 1452 );
INSERT INTO Spedizioni ( Ordine, Corriere, DataSpedizione, Prezzo ) VALUES ( 62, 4, '2010-10-03', 1104 );
INSERT INTO Spedizioni ( Ordine, Corriere, DataSpedizione, Prezzo ) VALUES ( 63, 2, '2002-06-18', 597 );
INSERT INTO Spedizioni ( Ordine, Corriere, DataSpedizione, Prezzo ) VALUES ( 64, 1, '2003-01-23', 794 );
INSERT INTO Spedizioni ( Ordine, Corriere, DataSpedizione, Prezzo ) VALUES ( 65, 2, '2000-09-05', 1594 );
INSERT INTO Spedizioni ( Ordine, Corriere, DataSpedizione, Prezzo ) VALUES ( 66, 3, '2001-08-22', 1694 );
INSERT INTO Spedizioni ( Ordine, Corriere, DataSpedizione, Prezzo ) VALUES ( 67, 5, '2003-09-05', 895 );
INSERT INTO Spedizioni ( Ordine, Corriere, DataSpedizione, Prezzo ) VALUES ( 68, 1, '2003-07-20', 1112 );
INSERT INTO Spedizioni ( Ordine, Corriere, DataSpedizione, Prezzo ) VALUES ( 69, 2, '2001-03-13', 1595 );
INSERT INTO Spedizioni ( Ordine, Corriere, DataSpedizione, Prezzo ) VALUES ( 70, 3, '2007-04-25', 352 );
INSERT INTO Spedizioni ( Ordine, Corriere, DataSpedizione, Prezzo ) VALUES ( 71, 3, '2002-06-23', 1242 );
INSERT INTO Spedizioni ( Ordine, Corriere, DataSpedizione, Prezzo ) VALUES ( 72, 5, '2000-07-17', 670 );
INSERT INTO Spedizioni ( Ordine, Corriere, DataSpedizione, Prezzo ) VALUES ( 73, 2, '2004-04-16', 1177 );
INSERT INTO Spedizioni ( Ordine, Corriere, DataSpedizione, Prezzo ) VALUES ( 74, 3, '2002-06-02', 1475 );
INSERT INTO Spedizioni ( Ordine, Corriere, DataSpedizione, Prezzo ) VALUES ( 75, 1, '2007-04-26', 1828 );
INSERT INTO Spedizioni ( Ordine, Corriere, DataSpedizione, Prezzo ) VALUES ( 76, 2, '2009-09-20', 1527 );
INSERT INTO Spedizioni ( Ordine, Corriere, DataSpedizione, Prezzo ) VALUES ( 77, 1, '2006-02-12', 1143 );
INSERT INTO Spedizioni ( Ordine, Corriere, DataSpedizione, Prezzo ) VALUES ( 78, 3, '2009-03-09', 1071 );
INSERT INTO Spedizioni ( Ordine, Corriere, DataSpedizione, Prezzo ) VALUES ( 79, 5, '2010-04-03', 654 );
INSERT INTO Spedizioni ( Ordine, Corriere, DataSpedizione, Prezzo ) VALUES ( 80, 1, '2003-02-16', 1930 );
INSERT INTO Spedizioni ( Ordine, Corriere, DataSpedizione, Prezzo ) VALUES ( 81, 1, '2007-04-23', 1536 );
INSERT INTO Spedizioni ( Ordine, Corriere, DataSpedizione, Prezzo ) VALUES ( 82, 5, '2001-08-12', 1741 );
INSERT INTO Spedizioni ( Ordine, Corriere, DataSpedizione, Prezzo ) VALUES ( 83, 5, '2008-04-06', 1136 );
INSERT INTO Spedizioni ( Ordine, Corriere, DataSpedizione, Prezzo ) VALUES ( 84, 4, '2002-03-19', 1224 );
INSERT INTO Spedizioni ( Ordine, Corriere, DataSpedizione, Prezzo ) VALUES ( 85, 5, '2003-02-06', 1471 );
INSERT INTO Spedizioni ( Ordine, Corriere, DataSpedizione, Prezzo ) VALUES ( 86, 2, '2001-08-05', 527 );
INSERT INTO Spedizioni ( Ordine, Corriere, DataSpedizione, Prezzo ) VALUES ( 87, 1, '2001-08-20', 236 );
INSERT INTO Spedizioni ( Ordine, Corriere, DataSpedizione, Prezzo ) VALUES ( 88, 2, '2005-03-09', 189 );
INSERT INTO Spedizioni ( Ordine, Corriere, DataSpedizione, Prezzo ) VALUES ( 89, 2, '2003-12-11', 911 );
INSERT INTO Spedizioni ( Ordine, Corriere, DataSpedizione, Prezzo ) VALUES ( 90, 3, '2010-09-22', 947 );
INSERT INTO Spedizioni ( Ordine, Corriere, DataSpedizione, Prezzo ) VALUES ( 91, 4, '2001-09-13', 1271 );
INSERT INTO Spedizioni ( Ordine, Corriere, DataSpedizione, Prezzo ) VALUES ( 92, 5, '2007-09-07', 1775 );
INSERT INTO Spedizioni ( Ordine, Corriere, DataSpedizione, Prezzo ) VALUES ( 93, 3, '2004-05-24', 1887 );
INSERT INTO Spedizioni ( Ordine, Corriere, DataSpedizione, Prezzo ) VALUES ( 94, 3, '2006-12-23', 1238 );
INSERT INTO Spedizioni ( Ordine, Corriere, DataSpedizione, Prezzo ) VALUES ( 95, 5, '2004-02-28', 1689 );
INSERT INTO Spedizioni ( Ordine, Corriere, DataSpedizione, Prezzo ) VALUES ( 96, 4, '2000-03-08', 259 );
INSERT INTO Spedizioni ( Ordine, Corriere, DataSpedizione, Prezzo ) VALUES ( 97, 5, '2005-08-21', 190 );
INSERT INTO Spedizioni ( Ordine, Corriere, DataSpedizione, Prezzo ) VALUES ( 98, 4, '2007-06-13', 1867 );
INSERT INTO Spedizioni ( Ordine, Corriere, DataSpedizione, Prezzo ) VALUES ( 99, 1, '2004-11-24', 1289 );
INSERT INTO Spedizioni ( Ordine, Corriere, DataSpedizione, Prezzo ) VALUES ( 100, 3, '2007-07-02', 1971 );
INSERT INTO Spedizioni ( Ordine, Corriere, DataSpedizione, Prezzo ) VALUES ( 101, 3, '2003-04-09', 1263 );
INSERT INTO Spedizioni ( Ordine, Corriere, DataSpedizione, Prezzo ) VALUES ( 102, 3, '2007-03-24', 1142 );
INSERT INTO Spedizioni ( Ordine, Corriere, DataSpedizione, Prezzo ) VALUES ( 103, 5, '2007-10-20', 846 );
INSERT INTO Spedizioni ( Ordine, Corriere, DataSpedizione, Prezzo ) VALUES ( 104, 3, '2003-01-15', 923 );
INSERT INTO Spedizioni ( Ordine, Corriere, DataSpedizione, Prezzo ) VALUES ( 105, 3, '2001-08-13', 1082 );
INSERT INTO Spedizioni ( Ordine, Corriere, DataSpedizione, Prezzo ) VALUES ( 106, 1, '2008-11-11', 254 );
INSERT INTO Spedizioni ( Ordine, Corriere, DataSpedizione, Prezzo ) VALUES ( 107, 2, '2001-01-06', 355 );
INSERT INTO Spedizioni ( Ordine, Corriere, DataSpedizione, Prezzo ) VALUES ( 108, 1, '2004-12-26', 1194 );
INSERT INTO Spedizioni ( Ordine, Corriere, DataSpedizione, Prezzo ) VALUES ( 109, 4, '2004-07-27', 386 );
INSERT INTO Spedizioni ( Ordine, Corriere, DataSpedizione, Prezzo ) VALUES ( 110, 5, '2002-05-01', 1510 );
INSERT INTO Spedizioni ( Ordine, Corriere, DataSpedizione, Prezzo ) VALUES ( 111, 5, '2002-07-07', 1440 );
INSERT INTO Spedizioni ( Ordine, Corriere, DataSpedizione, Prezzo ) VALUES ( 112, 1, '2004-12-24', 1685 );
INSERT INTO Spedizioni ( Ordine, Corriere, DataSpedizione, Prezzo ) VALUES ( 113, 5, '2007-08-26', 150 );
INSERT INTO Spedizioni ( Ordine, Corriere, DataSpedizione, Prezzo ) VALUES ( 114, 2, '2000-02-19', 1729 );
INSERT INTO Spedizioni ( Ordine, Corriere, DataSpedizione, Prezzo ) VALUES ( 115, 1, '2006-09-28', 1486 );
INSERT INTO Spedizioni ( Ordine, Corriere, DataSpedizione, Prezzo ) VALUES ( 116, 5, '2006-08-03', 565 );
INSERT INTO Spedizioni ( Ordine, Corriere, DataSpedizione, Prezzo ) VALUES ( 117, 4, '2005-10-28', 1360 );
INSERT INTO Spedizioni ( Ordine, Corriere, DataSpedizione, Prezzo ) VALUES ( 118, 4, '2000-09-15', 764 );
INSERT INTO Spedizioni ( Ordine, Corriere, DataSpedizione, Prezzo ) VALUES ( 119, 2, '2003-09-06', 1561 );
INSERT INTO Spedizioni ( Ordine, Corriere, DataSpedizione, Prezzo ) VALUES ( 120, 1, '2007-11-18', 427 );
INSERT INTO Spedizioni ( Ordine, Corriere, DataSpedizione, Prezzo ) VALUES ( 121, 3, '2008-11-09', 846 );
INSERT INTO Spedizioni ( Ordine, Corriere, DataSpedizione, Prezzo ) VALUES ( 122, 2, '2002-04-26', 308 );
INSERT INTO Spedizioni ( Ordine, Corriere, DataSpedizione, Prezzo ) VALUES ( 123, 4, '2000-07-18', 938 );
INSERT INTO Spedizioni ( Ordine, Corriere, DataSpedizione, Prezzo ) VALUES ( 124, 4, '2000-05-13', 1933 );
INSERT INTO Spedizioni ( Ordine, Corriere, DataSpedizione, Prezzo ) VALUES ( 125, 4, '2001-08-06', 104 );
INSERT INTO Spedizioni ( Ordine, Corriere, DataSpedizione, Prezzo ) VALUES ( 126, 4, '2007-01-22', 1179 );
INSERT INTO Spedizioni ( Ordine, Corriere, DataSpedizione, Prezzo ) VALUES ( 127, 3, '2000-12-05', 921 );
INSERT INTO Spedizioni ( Ordine, Corriere, DataSpedizione, Prezzo ) VALUES ( 128, 4, '2005-03-10', 710 );
INSERT INTO Spedizioni ( Ordine, Corriere, DataSpedizione, Prezzo ) VALUES ( 129, 1, '2007-10-27', 690 );
INSERT INTO Spedizioni ( Ordine, Corriere, DataSpedizione, Prezzo ) VALUES ( 130, 5, '2006-05-20', 1743 );
INSERT INTO Spedizioni ( Ordine, Corriere, DataSpedizione, Prezzo ) VALUES ( 131, 2, '2001-06-28', 1808 );
INSERT INTO Spedizioni ( Ordine, Corriere, DataSpedizione, Prezzo ) VALUES ( 132, 3, '2004-02-22', 1753 );
INSERT INTO Spedizioni ( Ordine, Corriere, DataSpedizione, Prezzo ) VALUES ( 133, 2, '2007-01-17', 1887 );
INSERT INTO Spedizioni ( Ordine, Corriere, DataSpedizione, Prezzo ) VALUES ( 134, 5, '2007-09-22', 1446 );
INSERT INTO Spedizioni ( Ordine, Corriere, DataSpedizione, Prezzo ) VALUES ( 135, 2, '2010-03-12', 1931 );
INSERT INTO Spedizioni ( Ordine, Corriere, DataSpedizione, Prezzo ) VALUES ( 136, 4, '2009-02-17', 556 );
INSERT INTO Spedizioni ( Ordine, Corriere, DataSpedizione, Prezzo ) VALUES ( 137, 3, '2002-06-27', 665 );
INSERT INTO Spedizioni ( Ordine, Corriere, DataSpedizione, Prezzo ) VALUES ( 138, 3, '2002-03-02', 1542 );
INSERT INTO Spedizioni ( Ordine, Corriere, DataSpedizione, Prezzo ) VALUES ( 139, 1, '2006-05-26', 1659 );
INSERT INTO Spedizioni ( Ordine, Corriere, DataSpedizione, Prezzo ) VALUES ( 140, 5, '2001-10-07', 992 );
INSERT INTO Spedizioni ( Ordine, Corriere, DataSpedizione, Prezzo ) VALUES ( 141, 2, '2008-03-13', 1467 );
INSERT INTO Spedizioni ( Ordine, Corriere, DataSpedizione, Prezzo ) VALUES ( 142, 1, '2001-05-17', 1140 );
INSERT INTO Spedizioni ( Ordine, Corriere, DataSpedizione, Prezzo ) VALUES ( 143, 3, '2008-09-16', 891 );
INSERT INTO Spedizioni ( Ordine, Corriere, DataSpedizione, Prezzo ) VALUES ( 144, 4, '2004-03-14', 1112 );
INSERT INTO Spedizioni ( Ordine, Corriere, DataSpedizione, Prezzo ) VALUES ( 145, 2, '2005-11-01', 1228 );
INSERT INTO Spedizioni ( Ordine, Corriere, DataSpedizione, Prezzo ) VALUES ( 146, 4, '2006-08-26', 1036 );
INSERT INTO Spedizioni ( Ordine, Corriere, DataSpedizione, Prezzo ) VALUES ( 147, 1, '2008-01-25', 322 );
INSERT INTO Spedizioni ( Ordine, Corriere, DataSpedizione, Prezzo ) VALUES ( 148, 3, '2002-12-12', 1082 );
INSERT INTO Spedizioni ( Ordine, Corriere, DataSpedizione, Prezzo ) VALUES ( 149, 4, '2000-02-14', 1685 );
INSERT INTO Spedizioni ( Ordine, Corriere, DataSpedizione, Prezzo ) VALUES ( 150, 1, '2003-01-04', 846 );
INSERT INTO Spedizioni ( Ordine, Corriere, DataSpedizione, Prezzo ) VALUES ( 151, 3, '2002-02-26', 1390 );
INSERT INTO Spedizioni ( Ordine, Corriere, DataSpedizione, Prezzo ) VALUES ( 152, 1, '2003-05-11', 555 );
INSERT INTO Spedizioni ( Ordine, Corriere, DataSpedizione, Prezzo ) VALUES ( 153, 5, '2001-04-11', 1732 );
INSERT INTO Spedizioni ( Ordine, Corriere, DataSpedizione, Prezzo ) VALUES ( 154, 4, '2003-05-14', 1893 );
INSERT INTO Spedizioni ( Ordine, Corriere, DataSpedizione, Prezzo ) VALUES ( 155, 3, '2000-02-18', 116 );
INSERT INTO Spedizioni ( Ordine, Corriere, DataSpedizione, Prezzo ) VALUES ( 156, 5, '2008-10-10', 1794 );
INSERT INTO Spedizioni ( Ordine, Corriere, DataSpedizione, Prezzo ) VALUES ( 157, 5, '2005-03-17', 754 );
INSERT INTO Spedizioni ( Ordine, Corriere, DataSpedizione, Prezzo ) VALUES ( 158, 3, '2005-04-02', 950 );
INSERT INTO Spedizioni ( Ordine, Corriere, DataSpedizione, Prezzo ) VALUES ( 159, 5, '2010-11-15', 1915 );
INSERT INTO Spedizioni ( Ordine, Corriere, DataSpedizione, Prezzo ) VALUES ( 160, 4, '2007-06-22', 1173 );
INSERT INTO Spedizioni ( Ordine, Corriere, DataSpedizione, Prezzo ) VALUES ( 161, 1, '2003-07-10', 263 );
INSERT INTO Spedizioni ( Ordine, Corriere, DataSpedizione, Prezzo ) VALUES ( 162, 4, '2009-08-26', 1064 );
INSERT INTO Spedizioni ( Ordine, Corriere, DataSpedizione, Prezzo ) VALUES ( 163, 4, '2002-05-16', 981 );
INSERT INTO Spedizioni ( Ordine, Corriere, DataSpedizione, Prezzo ) VALUES ( 164, 4, '2005-01-05', 1011 );
INSERT INTO Spedizioni ( Ordine, Corriere, DataSpedizione, Prezzo ) VALUES ( 165, 5, '2002-06-12', 686 );
INSERT INTO Spedizioni ( Ordine, Corriere, DataSpedizione, Prezzo ) VALUES ( 166, 2, '2004-05-08', 430 );
INSERT INTO Spedizioni ( Ordine, Corriere, DataSpedizione, Prezzo ) VALUES ( 167, 5, '2000-05-07', 914 );
INSERT INTO Spedizioni ( Ordine, Corriere, DataSpedizione, Prezzo ) VALUES ( 168, 5, '2008-11-15', 1556 );
INSERT INTO Spedizioni ( Ordine, Corriere, DataSpedizione, Prezzo ) VALUES ( 169, 2, '2001-06-14', 187 );
INSERT INTO Spedizioni ( Ordine, Corriere, DataSpedizione, Prezzo ) VALUES ( 170, 1, '2003-11-23', 1470 );
INSERT INTO Spedizioni ( Ordine, Corriere, DataSpedizione, Prezzo ) VALUES ( 171, 5, '2009-10-27', 1855 );
INSERT INTO Spedizioni ( Ordine, Corriere, DataSpedizione, Prezzo ) VALUES ( 172, 2, '2000-05-17', 490 );
INSERT INTO Spedizioni ( Ordine, Corriere, DataSpedizione, Prezzo ) VALUES ( 173, 1, '2003-05-14', 546 );
INSERT INTO Spedizioni ( Ordine, Corriere, DataSpedizione, Prezzo ) VALUES ( 174, 1, '2000-06-16', 1669 );
INSERT INTO Spedizioni ( Ordine, Corriere, DataSpedizione, Prezzo ) VALUES ( 175, 1, '2009-01-08', 338 );
INSERT INTO Spedizioni ( Ordine, Corriere, DataSpedizione, Prezzo ) VALUES ( 176, 1, '2003-12-28', 1787 );
INSERT INTO Spedizioni ( Ordine, Corriere, DataSpedizione, Prezzo ) VALUES ( 177, 2, '2004-02-21', 1471 );
INSERT INTO Spedizioni ( Ordine, Corriere, DataSpedizione, Prezzo ) VALUES ( 178, 3, '2007-09-16', 1871 );
INSERT INTO Spedizioni ( Ordine, Corriere, DataSpedizione, Prezzo ) VALUES ( 179, 1, '2009-12-04', 428 );
INSERT INTO Spedizioni ( Ordine, Corriere, DataSpedizione, Prezzo ) VALUES ( 180, 3, '2007-11-21', 1980 );
INSERT INTO Spedizioni ( Ordine, Corriere, DataSpedizione, Prezzo ) VALUES ( 181, 5, '2004-02-26', 1149 );
INSERT INTO Spedizioni ( Ordine, Corriere, DataSpedizione, Prezzo ) VALUES ( 182, 3, '2002-04-27', 1507 );
INSERT INTO Spedizioni ( Ordine, Corriere, DataSpedizione, Prezzo ) VALUES ( 183, 1, '2009-06-17', 1449 );
INSERT INTO Spedizioni ( Ordine, Corriere, DataSpedizione, Prezzo ) VALUES ( 184, 2, '2006-07-08', 1384 );
INSERT INTO Spedizioni ( Ordine, Corriere, DataSpedizione, Prezzo ) VALUES ( 185, 5, '2009-10-09', 1782 );
INSERT INTO Spedizioni ( Ordine, Corriere, DataSpedizione, Prezzo ) VALUES ( 186, 2, '2003-10-13', 1977 );
INSERT INTO Spedizioni ( Ordine, Corriere, DataSpedizione, Prezzo ) VALUES ( 187, 2, '2010-10-28', 1313 );
INSERT INTO Spedizioni ( Ordine, Corriere, DataSpedizione, Prezzo ) VALUES ( 188, 4, '2008-04-02', 1099 );
INSERT INTO Spedizioni ( Ordine, Corriere, DataSpedizione, Prezzo ) VALUES ( 189, 4, '2007-01-28', 1032 );
INSERT INTO Spedizioni ( Ordine, Corriere, DataSpedizione, Prezzo ) VALUES ( 190, 3, '2008-05-10', 808 );
INSERT INTO Spedizioni ( Ordine, Corriere, DataSpedizione, Prezzo ) VALUES ( 191, 5, '2006-10-09', 374 );
INSERT INTO Spedizioni ( Ordine, Corriere, DataSpedizione, Prezzo ) VALUES ( 192, 3, '2008-03-10', 1579 );
INSERT INTO Spedizioni ( Ordine, Corriere, DataSpedizione, Prezzo ) VALUES ( 193, 5, '2000-01-04', 1302 );
INSERT INTO Spedizioni ( Ordine, Corriere, DataSpedizione, Prezzo ) VALUES ( 194, 5, '2010-03-02', 1146 );
INSERT INTO Spedizioni ( Ordine, Corriere, DataSpedizione, Prezzo ) VALUES ( 195, 4, '2003-05-11', 899 );
INSERT INTO Spedizioni ( Ordine, Corriere, DataSpedizione, Prezzo ) VALUES ( 196, 4, '2004-12-15', 870 );
INSERT INTO Spedizioni ( Ordine, Corriere, DataSpedizione, Prezzo ) VALUES ( 197, 4, '2007-02-01', 1119 );
INSERT INTO Spedizioni ( Ordine, Corriere, DataSpedizione, Prezzo ) VALUES ( 198, 5, '2000-10-28', 1148 );
INSERT INTO Spedizioni ( Ordine, Corriere, DataSpedizione, Prezzo ) VALUES ( 199, 2, '2000-10-07', 1263 );
INSERT INTO Spedizioni ( Ordine, Corriere, DataSpedizione, Prezzo ) VALUES ( 200, 3, '2008-07-24', 471 );
INSERT INTO NegoziInterni ( Id ) VALUES ( '76088428714' );
INSERT INTO NegoziInterni ( Id ) VALUES ( '56881424359' );
INSERT INTO NegoziInterni ( Id ) VALUES ( '88070544187' );
INSERT INTO NegoziInterni ( Id ) VALUES ( '16784531646' );
INSERT INTO NegoziInterni ( Id ) VALUES ( '29157536269' );
INSERT INTO Eventi ( Titolo, Edizione ) VALUES ( 'Evento0', 2 );
INSERT INTO Eventi ( Titolo, Edizione ) VALUES ( 'Evento1', 1 );
INSERT INTO Eventi ( Titolo, Edizione ) VALUES ( 'Evento2', 3 );
INSERT INTO Eventi ( Titolo, Edizione ) VALUES ( 'Evento3', 2 );
INSERT INTO Eventi ( Titolo, Edizione ) VALUES ( 'Evento4', 1 );
INSERT INTO Eventi ( Titolo, Edizione ) VALUES ( 'Evento5', 2 );
INSERT INTO Eventi ( Titolo, Edizione ) VALUES ( 'Evento6', 3 );
INSERT INTO Eventi ( Titolo, Edizione ) VALUES ( 'Evento7', 2 );
INSERT INTO Eventi ( Titolo, Edizione ) VALUES ( 'Evento8', 1 );
INSERT INTO Eventi ( Titolo, Edizione ) VALUES ( 'Evento9', 1 );
INSERT INTO Eventi ( Titolo, Edizione ) VALUES ( 'Evento10', 1 );
INSERT INTO Eventi ( Titolo, Edizione ) VALUES ( 'Evento11', 3 );
INSERT INTO Eventi ( Titolo, Edizione ) VALUES ( 'Evento12', 1 );
INSERT INTO Eventi ( Titolo, Edizione ) VALUES ( 'Evento13', 3 );
INSERT INTO Eventi ( Titolo, Edizione ) VALUES ( 'Evento14', 2 );
INSERT INTO Eventi ( Titolo, Edizione ) VALUES ( 'Evento15', 2 );
INSERT INTO Eventi ( Titolo, Edizione ) VALUES ( 'Evento16', 3 );
INSERT INTO Eventi ( Titolo, Edizione ) VALUES ( 'Evento17', 2 );
INSERT INTO Eventi ( Titolo, Edizione ) VALUES ( 'Evento18', 1 );
INSERT INTO Eventi ( Titolo, Edizione ) VALUES ( 'Evento19', 2 );
INSERT INTO Eventi ( Titolo, Edizione ) VALUES ( 'Evento20', 3 );
INSERT INTO Eventi ( Titolo, Edizione ) VALUES ( 'Evento21', 3 );
INSERT INTO Eventi ( Titolo, Edizione ) VALUES ( 'Evento22', 3 );
INSERT INTO Eventi ( Titolo, Edizione ) VALUES ( 'Evento23', 3 );
INSERT INTO Eventi ( Titolo, Edizione ) VALUES ( 'Evento24', 2 );
INSERT INTO Eventi ( Titolo, Edizione ) VALUES ( 'Evento25', 1 );
INSERT INTO Eventi ( Titolo, Edizione ) VALUES ( 'Evento26', 3 );
INSERT INTO Eventi ( Titolo, Edizione ) VALUES ( 'Evento27', 2 );
INSERT INTO Eventi ( Titolo, Edizione ) VALUES ( 'Evento28', 2 );
INSERT INTO Eventi ( Titolo, Edizione ) VALUES ( 'Evento29', 2 );
 INSERT INTO Ospita ( Evento, Negozio, Data ) VALUES ( 14, '76088428714', '2019-10-26' );
INSERT INTO Ospita ( Evento, Negozio, data ) VALUES ( 2, '56881424359', '2019-03-11' );
INSERT INTO Ospita ( Evento, Negozio, data ) VALUES ( 4, '88070544187', '2019-04-26' );
INSERT INTO Ospita ( Evento, Negozio, data ) VALUES ( 13, '16784531646', '2019-08-24' );
INSERT INTO Ospita ( Evento, Negozio, data ) VALUES ( 12, '29157536269', '2019-04-04' );
INSERT INTO Ospita ( Evento, Negozio, data ) VALUES ( 10, '76088428714', '2019-03-18' );
INSERT INTO Ospita ( Evento, Negozio, data ) VALUES ( 16, '56881424359', '2019-10-12' );
INSERT INTO Ospita ( Evento, Negozio, data ) VALUES ( 15, '88070544187', '2019-06-06' );
INSERT INTO Ospita ( Evento, Negozio, data ) VALUES ( 10, '16784531646', '2019-03-03' );
INSERT INTO Ospita ( Evento, Negozio, data ) VALUES ( 15, '29157536269', '2019-01-17' );
INSERT INTO TemiVino ( Vino, Evento ) VALUES ( 'Tramonti', 12 );
INSERT INTO TemiVino ( Vino, Evento ) VALUES ( 'Corbara', 30 );
INSERT INTO TemiVino ( Vino, Evento ) VALUES ( 'Verdiso', 30 );
INSERT INTO TemiVino ( Vino, Evento ) VALUES ( 'Gutturnio', 28 );
INSERT INTO TemiVino ( Vino, Evento ) VALUES ( 'Ussolaro', 20 );
INSERT INTO TemiVino ( Vino, Evento ) VALUES ( 'Irno', 9 );
INSERT INTO TemiVino ( Vino, Evento ) VALUES ( 'Ussolaro', 13 );
INSERT INTO TemiVino ( Vino, Evento ) VALUES ( 'Vezzano', 29 );
INSERT INTO TemiVino ( Vino, Evento ) VALUES ( 'Ruffino', 22 );
INSERT INTO TemiVino ( Vino, Evento ) VALUES ( 'Gutturnio', 15 );
INSERT INTO FornituraUva ( Uva, DataAcquisto, Prezzo, Quantita ) VALUES ( 1, '2015-01-22', 550, 1000 );
INSERT INTO FornituraUva ( Uva, DataAcquisto, Prezzo, Quantita ) VALUES ( 2, '2015-01-22', 700, 1000 );
INSERT INTO FornituraUva ( Uva, DataAcquisto, Prezzo, Quantita ) VALUES ( 3, '2015-01-22', 550, 1000 );
INSERT INTO FornituraUva ( Uva, DataAcquisto, Prezzo, Quantita ) VALUES ( 4, '2015-01-22', 900, 3200 );
INSERT INTO FornituraUva ( Uva, DataAcquisto, Prezzo, Quantita ) VALUES ( 12, '2015-07-12', 800, 1000);
INSERT INTO FornituraUva ( Uva, DataAcquisto, Prezzo, Quantita ) VALUES ( 14, '2015-07-12', 200, 800 );
INSERT INTO FornituraUva ( Uva, DataAcquisto, Prezzo, Quantita ) VALUES ( 18, '2015-07-12', 600, 1250 );
INSERT INTO FornituraUva ( Uva, DataAcquisto, Prezzo, Quantita ) VALUES ( 19, '2015-07-12', 600, 1250 );
INSERT INTO FornituraTappi ( Tappo, DataAcquisto, Prezzo, Quantita ) VALUES ( 1, '2015-01-22', 10000, 5000 );
INSERT INTO FornituraTappi ( Tappo, DataAcquisto, Prezzo, Quantita ) VALUES ( 2, '2015-01-22', 10000, 5000 );
INSERT INTO FornituraTappi ( Tappo, DataAcquisto, Prezzo, Quantita ) VALUES ( 3, '2015-01-22', 10000, 5000 );
INSERT INTO FornituraTappi ( Tappo, DataAcquisto, Prezzo, Quantita ) VALUES ( 4, '2015-01-22', 10000, 5000 );
INSERT INTO FornituraBottiglie ( Bottiglia, DataAcquisto, Prezzo, Quantita ) VALUES ( 1, '2015-01-22', 10000, 3000 );
INSERT INTO FornituraBottiglie ( Bottiglia, DataAcquisto, Prezzo, Quantita ) VALUES ( 2, '2015-01-22', 10000, 3000 );
INSERT INTO FornituraBottiglie ( Bottiglia, DataAcquisto, Prezzo, Quantita ) VALUES ( 3, '2015-01-22', 10000, 3000 );
INSERT INTO FornituraBottiglie ( Bottiglia, DataAcquisto, Prezzo, Quantita ) VALUES ( 4, '2015-01-22', 10000, 3000 );
INSERT INTO FornituraBottiglie ( Bottiglia, DataAcquisto, Prezzo, Quantita ) VALUES ( 5, '2015-01-22', 10000, 3000 );


